Merge commit, Parent 1, Parent 2
754ac166e0951ac746857b2f55dc254e365c52ef,4c4868a2,0b183342
c0bd7d0610c4c17922877054f21a6702f11c5566,c7216ef0,155a66b9
1c7e31a464345b61de7cc0f6419746e300f84587,152f0bd7,94bf8338
b6a9b17410190b781f97aa5e9be3d4f0847ce259,d97f42ff,c78fdf87
f5339db6466af3764330768f79048c27ef007615,c573e70e,16b30498
c573e70e8b3ccc50f788edd46e27ebfe61e4b741,5c6ea23e,57ff8e9d
5a2aa7cd4b1f83e4089f49e58cbe75933091488a,eb53fc47,3df53b58
eb53fc472c545678a82f4f99c43a089b1d1119f9,822f41bc,c4e9178e
d8a4da7ec852d0f4ad2f5229001b5c7a50311084,eec6f7d1,56c50eac
caba43bb5b8c22d7f03c51964b2f12e9c0a4d764,b597c655,056425bd
bcc30e40ba3c95f52fc34bc9a4266b3c98d3f5f7,689bc192,2f70f654
689bc19296a9fe94d5d234e696f5f4aaeef93a65,678a11f9,27498ab6
72083b7e8726439f0ccfe42b93716c5dcb556784,1d6296b4,0cc94c20
1d6296b40045a5e1e737bb01c4d2ebd2fdd5d572,a7665a99,7ad5da2a
b4d4b2473c54525252985939aa8a52a5df20afe0,ea5fccfe,91f715c3
2bccee23331316a112302492ddb7ee19dd73f6f1,44bf37b0,2d01b0d7
cf617f0a640c1b377c21e836489fed2f7d8c6448,eeeaffd8,d178302d
eeeaffd88361e409864eb69a0010d5a990afe420,f3819749,aef76db6
0485403fff0d477e97620c175e34f0fef153a8f9,7cc3b84e,489fcb96
7cc3b84ebcf5aa487213e211f287f39907727209,d4db98fd,cb254f87
d14a6d8311f47b8bdd033fe50a80646abea5e543,6038b9e0,286c1151
552082a36a848affe11321df826e746473374bea,02b7b89b,5cea92d9
02b7b89b944c3a6f4843b5bc0227127bb943431e,8daaee28,93697cf1
7b09029c5bc1c4131bc8ab96a3951f9ab0c907b5,e57976be,6e1c414c
a37e6a3f4cf9975b06be92922c07baab081f4430,2b0c0d46,2dbe4064
5201c0cd143bb6e1b69247d3bc31e1dba0187b60,26886934,61039dcd
ba2f6c0f6642f076f197a894ed69ddcfad539932,83f26cde,26886934
33167fcdce8fac7805c85463899794ebee8b3edf,e5212546,e9c85b0e
a773d9840069e171c1200f2b81d758ee71dd1480,4a056a0d,ae066d3c
4a056a0d27a5952512c6aa87209b9b3ab6875827,c02d2745,7817431b
6c0d585fefb931f068a0dbb28ddae6ba57c81b6d,cf87fd83,29417005
6a699ed5f16fa22852cdb16cb49a908d3473c1df,6b7ce56f,9c1f5efa
6b7ce56f6b2de80bcff7b7fdae6889db4b05490f,b444a74a,b76ee4a2
e74e8fe1c2db30f03c304b9b2c86aba7f7c839f8,fae94d36,9eb6e8ec
fc03d2ee912037f64ec333e44342b415c048b3b3,71efc9f8,523b2b8d
4f289f74679f5b3174ecdd39582ac66bddcab43b,ff5c1b00,02ef8bee
ff5c1b00d772108bd9d5b826be081c095c64d9bd,8ea44ab8,30264be3
8ea44ab8c76ccc498d8bb3dca8b9159e2c39542c,f00a066c,1b8ff7ca
83f26cde53e2c9899daf6f6c1eea3a7025b1cb5c,4fb60a6e,8ac52690
30bb0cb29150493163299f5bb148fd88a076cda2,b0bfb739,b50e6b93
b50e6b93bd27771c36effde32f169dae91a7d8d7,4910f93c,a0b5a146
4910f93c941642f84b9a57ee9358358c8aa7e1be,b0bfb739,4a52bd0c
69d049a69ad677b298823c57ffe142cc2eea0949,7d751533,a144fb2e
7d92d5d096ea81e5de3bf39ed41888c2cb596954,efa38d5e,ab201d50
3dcb351b36175afc42adc5265ec8204136c19327,6b6ff70a,600d05d0
891f660738264670cb43b995fb7c72de52c001a4,c7f211a7,6901b9b7
22861ca8d056a37c09b7c6ec3ba04eab18519b93,19118ea2,4a9dc724
fda8ab500b7941c1dca030ec8b9636cf43d19eac,33c62f08,66df421d
a9b313aa4a0949e40fc60959907b155709964b78,a96862ff,1f2e3506
fccfe5b0886e8117b1b1bce4059d040ee47a1567,d384c0a1,23aa5fa0
c14ac37495b5990bd5e1603bbc835fa3189d15b3,c193571e,73a77183
c193571ecefece13803c950afd384c0085ddad9f,04bc92b0,94e58a44
04bc92b071752e691f4e9d34c8dac90e63ba72a6,caff34cc,9d044195
90aaae99591fa97654995292be214417c209aa13,f93796d0,e81dda0f
4ea5ebbf9e3c578605b79c17efbb0a549469d083,5825a16a,281e0153
7151db0909e6b522836977ad7fc6c8d61eae2564,e82888f8,7497a015
e82888f8f337f144c9a720d830e6ae80f51b4059,0a2d2c3f,4fb60a6e
27f22f6094ddbd5d90098011687c6a98c6d314a9,2744f828,0a2d2c3f
c9c044386eab5161b559a96098a23354323bdcfe,b43aa84c,2744f828
2744f8285c47abf511c3ce9c1e732eed53652a76,7bf5f20b,b43aa84c
b34594a1dcda618faac8c41d34c0203a1009ee5d,9e0c94f1,19964d25
58dc6f58321cb2662c96f51ddf036d440e39ea26,d22da54d,f409af1c
d22da54d532c545cac02c297c51086e28aeb4d8b,b71434ac,8e34c44e
bf6a13b43f6d8fb8b02b97d455f219cf470daf54,07da878b,12030f6c
6152d3c14aa2bfb16fbcc824c2a43c16b1c80092,9b685393,8a172170
2a4660ffa6ba0ac8034018611b98002f2b3c1af8,fd7e183f,dce0cf7e
fd7e183f4012b8dc72bbf1244c2ab23636413622,14ef5af9,bf78a80f
14ef5af93684fdc69c77de5d034f3928c1b580de,56bcc5ef,539d9c6d
56bcc5ef5ec4b375bc81018309c6cedd50da15e6,d6b0324e,d8537a98
3c7747ab9753d426777ce535c93935538f41bb95,ac73806a,34d97221
d6ae88ac43e4ec09d9c8ee0ff76aa315310d44b4,17288017,5c8f016d
17288017d8bbdbf2327248a99e022278ae0157cd,e017c5c3,1e2757b5
76c0abaa223a4426d2fe6951c89c82b9fb0977db,ffa51406,a52b5fd7
840a96255c83e4ba69d01f22d4961d3dfc4123e1,281b4512,fd857b12
cf302edabed509f80872ca85400c85d41e1e58aa,60b5f82a,20180eb8
60b5f82adba24e2ab92aa8e8f714305ad34466a0,bbcd79e4,a0b07196
bbcd79e49f18393d6dd667d5efdc62890397c72f,db258d4e,4dabf478
172164b74b9fac9e491659d78a7eaa2047305a50,c4f1e910,49835ae2
c4f1e910f843e3f15317a14dfe15085c5bfb853e,c28f0d67,3a621b61
0626200787202b3678d72e0753a888af59353bfe,6e1cdaf5,b7ee61a8
6e1cdaf50e060afd5ec59ab98e4108a22cdbd4b7,8e4cf77f,e770f802
8e4cf77fcbe1fa4d691072d3757e9ce2bd576f12,bc3bd42c,cecbb2cf
bc3bd42ce31d26ce1f8cb96e6599a4ebddcc056f,f73e0ba3,8638e475
f73e0ba30750f92dd82cc4da28c71d8d9edb8e15,3b69e3b0,5703b5e8
65f118e561eec4dfa8532626afc01466e4c50ea2,93573bcd,67f533b9
93573bcdb725b2781b3e483c5d29b0ca3716b7c0,10c34d04,2263801c
10c34d044053b244acf36f1f8373284945ffba91,8e331b90,4430ef38
8e331b908d653eb2eb8fb22c02c673b8cf5f325b,db298ab6,dbc6fb58
db298ab684f742ec91a3b21f9c06bf4f8ce26884,6dd1bf32,170a6095
ab5b70e52bc5b4aa228cb9f247739974023b0572,afb6221e,4f8cd53b
afb6221e5e2935b7c0fe3ba646078e6e57f47109,579a77df,f78aedc3
b980cdc2c2dd3e785944dfb5eea4a0b7ed62242c,fbe722fa,3745a152
fbe722facd5b7b0efded8fa8a0ef401559cf7792,1897d8e0,a7731acb
1897d8e0c0be2baef93b10a9f5bd632fb7657f1a,eaa84253,16dd5dee
97f0d98ffd14dac327f01be3a5a276cd5e646df7,4c27da04,1ad58a02
cc92d2f546126a0549b62181766ca7fc56767268,def75a25,41a51530
def75a250f818f1ad07fc75ecd53194fc57bbf6e,3a101941,15cd7caf
e1c2bf089070d961beedbb7f883ab03919ee0d5b,fa8770d2,b829defb
e1ff0776234f1ae341cf8c9def88231faa3addfd,5119434d,13610725
74f6c45f36cd9c3904e5da193a1267168cf4202e,ffa1e144,0490b528
ef57c5523d0765d6f0b297fb065365b047e3c6f8,05036778,846f4a72
e7094992407ed4d8a4f5401b89af2374712495bb,98e4f0c6,0b714d5e
98e4f0c6dc602f5d0159bcd11666e1229eb2950d,d8abb703,d82d0af5
d8abb7039d9200d8f93471ef3a5cc39ca3eaf5bf,bad915bb,84dc1104
5a82c3a130eddb9a42ca39cb2ab199b272b056aa,f4c86634,6a8174af
322e588a4e4fe6d2ae4d3119a226da99baa727b6,822dee7a,101e1797
587b25b18bb00adfa01bfc20c94b94d2a68664ec,1389a5a2,beaa40ad
b64d0413857013297b678407c3f842a850494d91,cc04bdfb,e491841d
cc04bdfbc53fefb2b659b46cd2727a6fac664509,d8c772ed,ccb72837
06ece8f5ee0f2918e3bca768636b88082f13ba25,c38ddb5d,ca87f1c4
74ee810757872a0207b2af69de6146a9806da688,dccaca49,c5b56b47
2168c0039a0b7c7cc69b744572f2025d06a11705,9934c4a1,d225884e
10fdffc378a9131a0ce048bb95a8b5b62d48364a,bb5244c1,a7d73359
5ce0428b15a6d7078d8b4a649f5ecc839aee525c,a43e7383,f4a4eab3
201a3ae96f4486d47a5a7f9f71ef86a51a9cf60f,c1ac2737,2d54ec9e
61bdd484d3db63ffcc136f43d6e9ff5eafc5c8fe,0ed901ff,0f00161b
0809021c2507b383c19fe03bfc27fbfee83ff06d,7827cf49,ad28b26e
068bb1a0d8ca42785cf79b49286bab36916da9a3,7ad9c248,4f1b4584
e8bfecc07d4fbc4c1baad3d1863e718adc1517c1,6e52f60e,8e43a7fa
6e52f60e850e697a2ff9fa83be920f5e7fc1e4c9,e9cc6fd5,1498e240
5e575f8ea11f2b519ec1075b0d7572fda758df48,b1617c54,6b060636
f7e4c42d71fbedcfdc7b5a1b5df0f79568e6a36f,af274f79,074ab9f7
1d44e3519d77a723421d1074c3817fa5d0d8a4a1,46761d44,c1a97bad
d304f8089797920962c029a07419f2491871a8a3,2e1c78a5,ee80d88c
2e1c78a5de14618b2d89c0bd8d8e8647ae683565,f2ab523d,d2e3cb12
b53df4a0311637bd209697de2926975be405932c,1e6077bc,00675150
a38dd64299d1b91382ed8f8d2013468f056f632c,10ce08d6,6b752845
10ce08d699723559dac67654b9da318a32641432,06257be8,cfb1b2b7
5946837258411032fcedafc2841c58b398ad85d4,46982b6e,29ed2a40
d19ecf71a1a06b3764355faabea40a450140589e,e56b6981,b5df13da
e56b6981400302938dd892e8c7395254c8b54b47,2a17e927,2bd9f268
2a17e927fac277df0dd64a25fb60324934006b7e,ca9c10a1,92bf2815
ca9c10a1d32b61953969c987a3339010ba1b0b20,73b757a4,3b7e0bec
63185fc7a6e990a67962bd4d68a61086dcfd17ac,93ac9633,315d5705
10e033559f855f802afc303ec3010e3b9e5d11be,be4b15be,ea00ce37
7504f1024f4edbdb203367ee8cc1bfe1cb93a64d,d1d41f64,52dea8b9
d1d41f6449c4f46a6a4c5a568b44bb573d5c3813,f23a44a0,82ecf4e4
f23a44a07e8d088de5a6a08bc36ce453171b74c5,5a27d65e,7ace9c46
5a27d65eb547b753d9642ebb1906234016881cce,b2d0d8da,0160c4ae
f3721db10899ed1e734d0479d416b51c17b783b0,71fb2a4f,0eda8a26
36ff0910671b24a24a12f4434f7b4312f1b659d2,308eaf8b,8a93d5bb
d2a99bb694c1b73b10a215c78f0cc55dd52e4be3,a7a09494,e29cb52e
b6b4395b91c81a1ed2c743c0e644f21042ea5768,d33c93b2,3002f9c5
e357810b22bec9f39860b98a4f2abab03b33e240,809f77a7,44d16eb8
8c1ccfb63f70fe620171c018e5f6a029e2d466e7,b5b53da5,f1ef5a6b
3bd595d997241248ae6a8dd6b18992765e7df515,fb212c13,4b98ee0d
495f0c0ba924be4b161ba64e26073ff866851f80,d8f33167,603c2843
73447f26eeef2f6bc001d30c9219047cb867ec57,a08853c2,742ab47b
a08853c24db10c1920d97449efa7c6a9144e8383,e71e7c90,9b179fb3
55d342861f86698cfd037acfd6856e98a2b918e3,89c42327,d4033906
89c42327422502d5ecbffa9a1f0b6d50d14d7eba,f03a08f6,9515a884
18016c952ecd381758c6e4768e51da2405d7fde8,a8694ba1,278a5baa
6e2d3312867a0c5725f9bebb4f7885a7d77cc967,055c2751,641b5d78
055c275146e5c0f8d565dc77eb44a7ad6e35fd29,ed8f36fa,3c4a96ac
ed8f36fa9fe436f2bab1384d6c79a7dceba13709,3e0da188,ea8a292b
e87cf85a47c822f8856d717545e10002577adc35,284a1408,a2ccd0d6
284a1408bfdfe6a7c775bd3ae96c46f2df0c1629,8997024e,5cb493a5
eccf2fa0a3195e7f140eabe96c0a538c80ac4018,5fa4d227,9a7f1e36
5fa4d227eaa492321cf65bd298b614029650242c,fa25f857,242dc415
d43c539463848103bc2496395c494d1b9f275384,16ff79ad,b07c4792
16ff79aded00e1a016453fc455d3318691e966b0,7e1699f9,98e6e5e9
aa55cb2a5d19af545664930f5f999a2121796304,13be1358,60571b79
13be1358648cc9f83d73783b3a4332dc7c15a906,04940b63,bd1e08ba
b5f6ed8372fcc3ec6f6140860f23d968565aabf8,99286d6c,b8a244ab
25bc35ef146f9893114ab53f46454e9556b51aad,410806a6,6438868c
485862fd1f75a58b5f7102b7433f8dae29330d3b,9c6f75b6,d95eeedd
9c99e411b73274abbfe9d235b3a1c1221b9b1263,6e63c168,486d3515
6eefc3df278b9ce82e4899aa85ab2dc109f2bdb8,322676e9,008d8667
7546a58780006574c0fe6c0530ef9103d4e9e1b6,158abadf,64ef7f9a
11fe2b6590adcb1ca62cc145d9701c6d20761a23,c376302b,914544ce
65ce9712679753a11a23fb8261412952dad1bb2d,a2a88e85,e2b644a7
c9b71672ad62f55211ce8f2cd76314cd0132a552,2f32a019,f27b8d11
e5e372613b7a51b1b19f61c6faf0547373f20e26,9b3b43f0,604343c3
5bd324f98441ba4915cb893b3e3c013fbcaa2ef5,491af8a6,3ae8dd14
2b6ad62f03c7c5530e2f0042f7f4ea4e695656a0,293ed529,003dffde
6abf16aa97a31836cb9a978003376de1af63d32a,4e412c15,cf55e0ca
e8bd76194bef86b3d5c4578849b607388bf4b798,b8a8a2b8,0aa7cddb
bfc800173328bd071db5addb4912b98b4c1b59bf,bbeaf6e2,b78f6465
bbeaf6e25de56d32dbc7abc67d3e45b833f07a38,31160a06,16b1844a
31160a060b6a5731fcaec81291154f4ad9ec82ea,cabea479,cce76e52
ee5422a5855f5e1c258f890760db500ec98995ae,494f5eaf,76911c19
494f5eafe6edad7c01073100a1b5eaa7c92373a0,5d5b223f,645e9558
3cfc37c84190a0d2730b97d4f99abc757f64499b,d855455b,aae75811
01ec50271e95842fecfcc1d3e9fd7226ba5d4a10,703fd918,0bde2aee
56c0e7f6e255478fb70875cba571286f4492e571,a9dc2f05,ceeeee84
ceeeee846648247fcf82e164165ad253fe193833,3f13bf2d,19a4a58d
3f13bf2d29e112b370c2ae304a49a82004573eec,6133497a,fe0cc1d4
6133497a29ab62720d03c3a62637410ece53fee5,598630cc,23dd016f
0f90811e5fb2913d7cd07f2ad469203a29b72e30,bff817b4,e87e4db6
25b9a2fb77b16e8e724f23d07fb7b1a647076d5b,3cef0029,e35b2f65
0bc1deae4e253e9eacb3acbe9e0f6e4afc950912,0a1c3c88,22ef2bee
41344e08f72ae44e694fe561330385c1462709bb,0de19a2d,6f35491e
0de19a2d182bca10623b9adf5787ba364edc210e,502938a1,395d04b4
8578692c0ba3d21528d2cbec6488e7eaee72cdc4,c5537815,693623f2
c5537815ab8e478fee5246b80aeb75444f1c97c5,39da293a,ba2e1ddd
39da293ab85f7545c0c989182c0b36b103bae2ee,0f1c4a61,4b42c76e
e7f1d885eb5c81a7b3e4aa31e2497c4643f51630,8704848b,c1d5c699
8704848be0fd895a7d8402fc58c8241528fd1722,56043746,182b69b6
4b80328c125678def12fe39c2cecd06d94b44fda,919c1306,6b0af558
919c130680b2c7e7619e361bfd78a7fc9f548b00,33eb99b8,f7b6c4f9
33eb99b8c62923c8a991c001d4d02feabc70be85,29fbda96,c32a713d
29fbda96adf16d91833e209e8fc38e33dfbd4044,186ea1bc,ef1d4d49
186ea1bc5c8d6b388846adfe64e757d21122e31f,b0c97a75,57993aab
b0c97a7556780df1051e781a0bc990cfb007934d,98f4d016,404d63f0
75429092fd1a1c658f129404091ed61fdf38c2e9,969e3ca0,43ff4575
84a8566af45569c5482a1163489edf5c76225cf7,672ae896,dcb6d457
672ae8967cf072c88acfe7a95199eeb5ec6f775d,5765262f,927a5276
5765262ffbc33e3226301bcdd54a00fb42415d6e,645e9de8,9a45e7ff
5a6a7c982716ec936e681ab2f10fd682476af78c,d529485e,7a65e2a3
d529485ecdeebdb5db6644c1e36d8cef6532cb78,6ef53e02,00e51bbb
6d59779d88d6df0c5c8cc4eb13fdc929c9d765fe,4cf8ee45,d23e73cc
9379cf856701715657266ad7b60e571f5772d746,5dad7868,a79a13c9
52067b80053e6baaafbaafefa0514e5b97791e06,f1c80441,8f3c19a9
39b69ef10d2945a7f5cf0148f03556d0a7d5707e,6b09dd24,e4537721
d4f382a51220ae0267d9651c1dafe340983b7880,29d31e75,52677a42
4a496394c1005f78eac4abf453adb72944fd285f,c2435946,29d31e75
6e3da70d69da3f098685b58495c52eb88087f5ad,ccb8f755,0ded1393
5bed2ac62400d3addbd99f4dba4080957820d40f,ae0753e9,9f0be9e0
ae0753e9cf44b0b45c3191125fae2e28c197fe29,e43ec5c2,c2435946
396f2ad7ebe76a85ee84c8c23c5d2c7da2d2ae9a,cd3c75f4,e43ec5c2
cd3c75f46c1045849805a094c8d1acce7b109654,af5cf959,648923af
af5cf9593a005ed6e3d867c1f7006e1588cba81d,05394ee0,aa14cea0
05394ee0aa29addca4c41e3dbf580970ca13a69f,21c582a9,0a0ab02b
21c582a927c1d20897294d0753315665dc67b0dc,e0a6d6d5,39f815e4
501e7f9bc519ee67342b67020fe15ba6b3585c9b,ad0f10b3,263cc634
ad0f10b320c8f198a97a82365c74df23c23e8147,237d9cc7,894085b3
122acfcf70596817fbb6867dcc536217155a9fb4,1643dbf3,e640c81a
1643dbf382ba062d2a922fc7683bc856b187fbbb,067b395d,e94c1db5
067b395d4d635d7452bcf109894c5a05854358a4,2f2afcf2,1c0885d4
91dab3aaa84eb1cba70de75cd203beb21ec7a966,23bbfe67,96110376
23bbfe67305f85c262400f0ff983a5ac85258892,02c0ef17,7aeb9381
8a79ebd3e5d2a6320dcb3c5d5e508b57fdefd9a9,394917fa,75cbb943
394917fa4880077589c332802e0a58477f4fb4fe,3d0f994c,58a6def0
a9d5d857e9ec985bcf8588d1b7f06d57fb7af54c,9dc67ba6,a02e2fee
6aebae56e6c14ea6f0909793dfa113a8a634dc09,bdd690af,1ba5ded0
bdd690afb12469c487d165cc3e7ee24130cde7b2,c2b39928,54f61107
b32e3690c6a18d7e4c8bc98673d483b3b5bfcf45,d5f79a14,076ec0fc
d5f79a14d205f10c64abbae00adc08027f335f61,89ffd89a,3d26969f
68a05ce6a59a38c8ae9c750793e10874c84e8471,20a2c902,67ab7f2c
6380edd0d7b3d61e3fbd787a525f5cd85577f9cf,bdc8544e,ad819931
fb6f3399677cd56e2a9d87fa16e111467ac51495,b20a8599,99fcae83
6b74733817b6121dfa9e14fe9b7b4b200d20af8d,60e30ee7,5b31ab2f
60e30ee7acb00bdfa6593f35c4c0c7f0988fa5d9,49ab69b9,0795b5c1
49ab69b967b284ce7b121a0b2fdcbfb4edf3164c,f75baf5c,eff84c69
a0c086de68e419443ae1ebae4053f1e066a5849c,abbb59d4,31cbbc4d
17ac0432b24797f1e66a804515385e24a0902c0e,5f76f374,f52ab987
5f76f3744c24e312c4bc83fc475226403d5cdd4d,d3ce5392,ab621e9c
d3ce539280d846d49f294c6e3cf3a0891120d439,9651e9cf,e0778ccf
666547d287a13f966395b7deb77bb1ccdd22d8c2,f03780ee,360e2a82
f03780ee72f4da4cce3a6946f7c111bee43611f5,f0036e66,49ef8bd2
f0036e6604e33b6a5862d4333964a5f6e7dd8014,a14b55ac,5d8d5c11
629d31806296568e7b1c2bfba5c7364063434a13,0e22489d,45769cc3
65a32c8cdd405531aae5e489317b61d664b49a0d,49c7dede,a584d138
49c7dedeb95f0b0a6c4fa14d006cf871c87e3faf,d4d95e74,ff8098fd
961dc4710a43940bfcc1caa7caf714e5ff82d770,455c73d6,b6682ee1
455c73d690171f2a294a17f0211b2fc9e805052f,86801686,876163a5
9b37b0345b84a9d93eb1faae8a495ba98bd9850b,a0261368,65536f21
8f693483a99b862f34191fdef8255b2b7f005e27,620dde27,7415d552
620dde2759c6edf2bff42a3d7e39d05f9d3c3ed3,08a286cf,7e57e2e0
36164a1e4cab76342d1b5c079b2a57c13e746c65,c6897eb3,e0a5e3fa
f7ee66546ff3d280d1ed7467938b2ad8bce44bfe,e72addf4,99fd68be
d54b52a51ee97b9dcde5cd8ad1b3ef02bce60241,7420a720,4f1ab6f7
6b7b678f7d26e252940acacaee57db90c39e0ad1,2fe139b6,d7fa985f
2fe139b6208068a42b734a79291b460e04e4dbb0,a8420564,dc06f528
afb10394f37e83d80a5403a17b67c1afd1a71ef5,e1c360d9,dedb18a0
1a50c9cd579dfefc6c0016fd6c06abf9b7edde40,c450b78f,23cc44e4
c450b78f9f738720e12b9a6a373e23cc4de854e5,edbe326c,125274f4
5f8a4e179f14f2174d0768b2bf8a3143c325a2aa,ee75b98d,6685001f
3a23c1a13a72d24b6c0d81c36459d860e9105d72,521f2e13,7af49120
da60f38cf2e8615fe058b82fc5b95d9a6923b6f0,0a4b27d3,8adbe59c
0a4b27d3b51ace91e652c2e4bfe2bf558c261a54,8e892229,1a545b41
8e89222977383bb5fbb450920a112dfd96a5bf15,a6b108e1,13b68f69
a6b108e13aa05b1dfea9695adbc582e592264a63,8bca0d82,427c3dc4
8bca0d827356714920e0b3614e7dfe223d515465,e2032c0c,02e09783
9cb56557befc6f9c2fc1b79e841841c4d76bb09c,6011411d,e620988f
