Merge commit; Ancestor; Parent 1; Parent 2;
12e8825ba43239b7f1a25362713952c3f1ba63b4;48b62c18fa1e769c9c5ef54da9c0f695ba423c2b;eb8f6e044b;64e4af2aaf;
2ee49bb8bbbd62d0f784aa20d1960a2e2c570fc4;4bdb7f0edadaab37ff6235f8f01f7f0219549ea4;741e56cfcf;f59e0d31a7;
3f27da8d292983bc644d8fdb3fcce32b6bfb4c4c;20f2bdf18f01ded52a54a12a703d9b2795a6ab19;d6fd24b6e3;c3dc015f94;
523cb38c0a5cfb0aa00c7507cede3d665b5b8792;23eeecb6c88e7392eb598ad0e10e388d567dc662;516d76768b;fb956a5ff0;
12c0be584639a8c7ca23010ea1b397a7b130f453;646a63101fa764b835f57209fe12fe4c719b5b02;77e7afe32d;8f21e89270;
334c5ab8c76966f772b26e46eca49706d5268fd0;2eeb7b0111de55681a34f864fb2131f697adeee7;6f6e81cb25;fefb3eedd4;
4204d92395b7c6fdaff796406c6140da7a115dfa;f1df4d38e98783f7f23db687a7da902d7dc69528;621064bd21;31f1f61705;
8be3dd161a3ae1ac4094cc5c634f57d6523b76dd;2218d522f3f76a0f51f74bce69834ce7f1f3c872;f9d0daa901;f1df4d38e9;
f402a104ad9e58af019d60c6ba598cba8c797bd3;1253d375ea819f19fa2d031076ca3d090898d596;9437d7d747;f1df4d38e9;
e229c4c28afedab0db0f3c5856a87bf1448d5a58;324c59541487b1f5a64db059be3b8fbacefab4a4;13ed9f349c;6245bca067;
20f1fe0e59fceaea203aa1bda5111cd2c8f1d068;324c59541487b1f5a64db059be3b8fbacefab4a4;22d52429cf;13ed9f349c;
c1e0fe067d16c001ae52688dd2d2ffa5c46ceced;1253d375ea819f19fa2d031076ca3d090898d596;f3543483fb;324c595414;
2465cb91ca6f7d9f3ae8d0232d055c2542a62408;4a27b787a495a0549d376cf27c614a797c27789e;d4214dd9f8;324c595414;
d4214dd9f8257953e0a51f77522759bd9bbd0a7e;fd18559ee0af51b49c63dfdf09145bd14ceb795c;237e5d59a8;42d827e099;
822fb48967f51b2adf18bd7947c7eb5bfc530cc1;ca05e8b8b4825e3f70dc7ecc88e1a5a741bebb9e;8b90d1095c;fd18559ee0;
3ba00932aa5107ead8ac282ca02d6b775f690eea;943b05e2778946b5134bc3d815adfdf3e8c8023b;9a8f42755a;1253d375ea;
6c752a8327109c5e97345ed1746d8b383a78cc7d;9c1c486f28f7afc5d49295877f608364e9e79645;36ff2ea155;943b05e277;
c7ea8446a3a4851bd3964796a1ecf37d6ffa091d;4a27b787a495a0549d376cf27c614a797c27789e;7a1de95596;9c1c486f28;
8b90d1095c221880a43f16cdcf5f8e145dff2267;6774d420e33d73705646a41e0b266826d7762760;82312737c7;ca05e8b8b4;
82312737c73acbb3e89f02a9e4e6996a5b83ffb2;e4ce4ae21256d2c4172bed88794c72dfdb40e03c;27a6d836fd;b6ae055651;
6f971da62290bfe6d1db9171d85a1708d1432d4e;16684259048effbd7fcda222f7190d49e35b24db;bbefc04071;05892d8f37;
91ae935eb992cf012f208f3cbc662ccd8f37b781;29e3052f1a5afb2867a3cbee0910167e4f8c6806;06241cad60;bb29ee360c;
90b7ef46e97b45077d14b7e7d08d7ebf880e4969;27471f6535a7c91cf5387a88b1a920d4d991c2e5;60f1f6c756;f7025f5292;
315f79d65803df2d9c05c1bd82967778b075a6b1;3c05fa97a9a622cb8c3595637758b88c84902c19;29e3052f1a;4722efd587;
a0f41e550844c36d42463956e2b5c0d6bac23462;a8e02a1276ace42646834dbb030b61e4b63905f3;2393a16ffd;4b8457ed11;
3d81f10afd8a63368812bc596be7f5e16e059f9b;f818370d81f4ef1e9e0e3a5435df069c9af66f93;1cb2bcba1a;179ec412b1;
8a714feb79076068415b6d22e1d8b6ed156e33d5;8420f2cbb5348cdfeb1ccee9230423b113b99075;62bd995dd9;8ec7445ad4;
e05e2e00f18694853c933fa74aaf99d4a333370b;9edefa16d658351b7ea497bf403e34fbbc43a8d8;564f7dfa83;e815c81482;
53109a9148f97377d96f37bedc8774548be20d98;104f7bb2d8c6024743ea8cb9dd51cd53c5c3b6be;f07e66e69d;498943454d;
e817c11e48edd3f0713aeb62546b6318ba2b04c0;393247f317d5c72dec4b05fec0ea4a700b027f90;09401e2515;1462188df1;
38437d0c4288e98f3ee3ea703f2034eba084c084;f701abea3e003df164dbd8c0e40f4a9270de746e;edfa727020;001df7a3e6;
fa0c82d22dbfbd681ad5efbdfe97de76c67e3de9;1eb229f381376dca75153f2d8f4318b8157894f2;e92ce378da;3036a10187;
1eb229f381376dca75153f2d8f4318b8157894f2;ff88f2a6c9bf028f525dcc6d144e224ffca43e6a;5c8d96abbb;b6b7a14922;
d7086e1635269f51b25d67479dc045a991a51606;2a5875151863fd25ccffc1990412279982249ede;49b5496fbb;f701abea3e;
6e989901bac038a4676cb729ff493684a059ca7a;a6c8fda1e64497f50e76bb1ada77044d4a77cdaf;cf469eea67;5a12b79a4c;
347c0be8d89ee0b1827ee95144aeaad0a6d4e684;ca2eb3c0e138ba94d658894c53ccdb2eeb3e7521;0625bce346;a765e6f002;
5b8ad1d8c84f2dce71f550c6122af26915dbde5e;a6e39532b7d36656306a45e4fa0fb10a396869f0;14f99af963;f45ec4e087;
b6ae6c07ec53a7d415257ba1ba46fd831fea7201;3253f55fe5a97c39fc38b59a5276f90d3d78d9ac;33837cd314;16a56fef51;
49b5496fbb6d854d3c7d7afa6ecf715ea8553037;56aedb7bc73f8cf155877dd55af47be79d5465be;481d982c7f;2a58751518;
57681f7b230c2e76c4356ecf1830954750f4d55c;ae2b65700df426e32b1b824b3b2f369230d00e0c;16e4a7f94b;3253f55fe5;
87bf6da2e1f11ad6dc0b8b72bfe99f622266c610;36035837bc65723cb9d983cd768a15606aaa29ec;d08a247570;5d4dfc48df;
63a183f3c80df35d3ea1c83fde2fd1f519928ee1;764f1a9f1ab8a7be1e17f45e5583615d19994f00;9e033d457c;ec3ff7b559;
de7f28eaef49ff190d2f39196a7f0dc0a478f6cc;fb61c19e806430391a1f17ee93f39f78cbf8f713;24cdd6d902;808ad83f50;
d0b84b90a5f068d4309dc2d00ddf6ead4b0bbc91;68503051b1fa1cd5379fa81866f8b4330df0c37e;98bae3bcb3;9b0aa658c3;
4970df1e73e808ddf3ea348b9e1792dc82cefd70;702d550e1c3d65338cceaa37d513ae9a82cdc608;66364ce432;c7f4d39933;
2b7a9bc0cb5372a6a8ef4c9db2cf61bb9c661ed8;5b0384ed3d71cb3d32592645f7ebf0f5aa43108f;21c23a9db0;06e22c66ca;
66364ce4321df5411c72f53269e4d9cc318cd140;6367b8cd126631b19398e45b3e620e8203aaa5d6;1187d8ae12;702d550e1c;
f080061f93cc77d98eab5c7c89492842be78d467;e4686d1122fc24eabe88c6e5d681363480f9e036;3f2de177c4;dc09d8697d;
2e04e8d197f408f9a052fac1bf7e512bfb6ad5e5;ffff1b48adcdd4be1302d67657f02d617784dda2;ca3f421081;a44b53dab1;
06f952199553aabcb9cccb6e8a4f7223d7a5f039;2aac913635fec57816a089c1c2bc7eb791a07616;a061bec406;356ec1621d;
6f7a8020a527b18e800002879803f8676e21dd74;e2e6aac0cca127e7aa2e0162d55a33cf341b648f;81b1a164da;233d66e8c5;
e08378cb3a46d6ce9b2d4c50bb7cecbdfeb2c6b6;6367b8cd126631b19398e45b3e620e8203aaa5d6;0e1780db50;29f2487914;
bdae0834f33ab36a590925d8dc679db602ff0e17;49afa062fa0ebb82aae86c63c5313ee6069b7651;6c00bd9944;15577fef5e;
6c00bd9944c2d810b5623384bf11642fa63adc6f;49afa062fa0ebb82aae86c63c5313ee6069b7651;2029e8d9e7;4de3259dfb;
2029e8d9e7c809b852e61b51315202e381d347a3;49afa062fa0ebb82aae86c63c5313ee6069b7651;f69ce4452c;b2554b3531;
db6493e2200054f9132829ca78edaff09d57fcc6;50666d903cb289e4a671af625f2a85ae6db06de7;6367b8cd12;a6e6e8cc38;
1187d8ae123dae3899a052d9d8170eea783bb5df;60cdd25b18e7c21422df10a40d89fa5791cecf6a;4bcb829d53;6367b8cd12;
0b9c6a0fe00ca60f83d6600322a5a8d494f4d2be;5d98c3fabbaa083e887bd056d36ef9ae8130c78b;6b45735a84;e95871c87b;
3b2e9c4b318fe19754e9bfcf78a54dbc26b6b0f5;49afa062fa0ebb82aae86c63c5313ee6069b7651;6f2f9786a0;7dad6f5ed5;
408696ea45f7fca59841e8577fdf45574d93e363;7d0b05914372be7b1fec8290d3a4fda5fe2ec147;6f2f9786a0;93aa0ce961;
7567f142ebbb963258d19b28584951334da0a1fe;44585dfb4a497a8f965d098a1736bbd38d7365b0;ab766e2f1a;959e51a7c6;
d07615a021851e859d5eb95671022cc0757be803;311478c18cef738adf4f0fa17e594a6f9d87b655;fdc2cc5490;6448cb0718;
6448cb0718c60ffeac31f0580a6f7181b495b812;851a7c3c94bd3f3bd66e98dbde212584b6fe6ea3;be1ce1e506;311478c18c;
b91b95f621bbc30398adf2ecf6b4904293850d8f;20e88581b74155def15a90940346cc963dc0307a;263684f9f9;5d98c3fabb;
20e88581b74155def15a90940346cc963dc0307a;259831e23464f71fea67440a00cb95eef87a05ce;467c088092;c746b6f7d4;
2eaf723fa9b856fc983cfbdb12e1230c2f93df78;881eba8e33f217d99fbd294a12c191dc0bd3dc16;67f7fac382;e522fc7922;
b84898825b838eb6f38008f2d7b70b86265361dc;7dbea4d9786112f06bfa9806f1c5cd07be755fed;3e9f239a84;d17b27a629;
78c87cca2236d7cc61570eb5d473a1a36f35ec0e;715113fb25e3eaa18df0fdaf2df54211bf691fbe;60337c5ee9;d5ce0814dc;
af41622b408c16688acccc7fd8be250c4dbe57b1;1ab4da8f0e46b13e9e4b38b041b4c6803a8718ef;908ddf9622;26d06fce2d;
9be6a0c2764ae71f949ef4b767414bdb9731bf2c;5f9b155dacb0e22abe502b89c9408a8bc33c9ed3;84160ed61c;a3f83e91a8;
8f8f0951e2c80ea8aeb63cd2c43bfad6ba7a44e6;c437978f39d2622b89b3edab2d272e4e84f15640;dd5a655a11;e70b498561;
e70b498561f796289e2d892960499e14dec8b8ea;321b3342989d386cc7b0e14bd2edf5e1b5550546;1851a55e41;c437978f39;
c437978f39d2622b89b3edab2d272e4e84f15640;19fad051eb349eee9abd570bd44c86c8473c4983;eff69bf0c1;321b334298;
9049cdc7bb63af0d99115689764f9dcbef6f4986;a01722fd1f1ecd03c75ad55c5b876ab6ce35dab8;e49c06d4a0;0c28b003fa;
f18b736689ce7bbd6ae7c94e634625b493d52738;ad6b2d59b81c031373ff6dfb08dea9fea6aa3423;637b85f3bf;a01722fd1f;
b68e5a599ae73cdad9f589520a4768ffc636d6bd;26081f309d32e27cdc49a038e4dcaad44a1ffeb4;51197e51d2;feb347e8e1;
251d401e860ad6d95b08048788df515dab1491a1;77cc87bfd19066a59476e428dcb11ecd0bca9ede;f0a4279183;a8e02a1276;
5f484c63a4e6017fad983f0a8f2eaea5daf82911;a110d55dd2d0167c07ab369dc2ab1765ead9c0af;5246017bd9;77cc87bfd1;
8fc940c5bdc8330ed41a79968a7ca07106c5b538;3c87f3d643ecd3f4ecabc424bd410e6b95df3771;dff3ecaed6;a110d55dd2;
f8214bbd2d7589ec6b8ce76dc9de6c8c262c4c72;2e9cfb7cf7cdfe832a1eab4f4afaab8f30644805;d0447ce854;93beea0b26;
d0447ce85428e7587e882a386227f0b79920aee8;1ddc989997284e5bf171ac76c0def947a654b4c0;04d9a73eaa;79db90d23c;
4e2606b97c391bf208db15653ca322e9c31a7871;d458b53d295ca1f497e592ef67660caa9e4bf78e;1894c058e3;2e9cfb7cf7;
1894c058e3bcf1c7c813b6d2f1a83d2307285187;155b5085260a5ef84a87b7e522e0a3a6b82d5eac;b084b97d40;19d2642dcd;
b084b97d40bf0dbacd85fa32f7a9fb037533fa74;bca3543e906b083b8544c13fab427a6dc8c2ccfb;d8eece1130;ec92c7a474;
d8eece1130e820bd0ea80216b94c23c6f2bf21ef;bca3543e906b083b8544c13fab427a6dc8c2ccfb;188d124329;c0905dde8d;
188d12432963696a078cbf63939cff13e4ddfcf0;bca3543e906b083b8544c13fab427a6dc8c2ccfb;b5316d6255;b9f2e4a656;
36f30cfa5599552a66aa797f08523bbb8aa8f4e0;d063efccb3efc0530efb19f80018627c2ebebd26;623fe34c48;ad0c9e10d3;
623fe34c4839b44e632df488344ae085a162e206;a9780054402a7d68377ed17baf430bacf9a09d66;ff78c2206c;fcc2292d3a;
ff78c2206c02ac81af7e38598834cd6a75e2323b;35738825a2364666676076d352e2aad6bec864a4;5a03bd6976;a978005440;
f0004c4ef4e1e830e8ead824c09cf0365815be85;35738825a2364666676076d352e2aad6bec864a4;d35dde6840;ffe4a616cb;
d3411ce8e217323e62987b92bb5fadf9753eb12f;d9dc1d6e0dfb3965544251d705aca06ea0352922;0f61fff1d9;3a412483bc;
0f61fff1d9412a00df98de912cfd295cd3440f38;d9dc1d6e0dfb3965544251d705aca06ea0352922;33ff3f57c1;c015d11303;
3c1c6e5ae532fd6793e1c474100e32ff2eaea705;d9dc1d6e0dfb3965544251d705aca06ea0352922;fc85e3055f;8a4b0a47b5;
fc85e3055f862ccacc9aa80d7a810fb233062111;d063efccb3efc0530efb19f80018627c2ebebd26;206c081cb8;f6c2424399;
2d592d60961db355a017024266e3dc4bb2a63ab7;d063efccb3efc0530efb19f80018627c2ebebd26;0014d13038;90446c9d7e;
0014d130387614ce1602773d13d657cf928255c5;52ad1f67bae6881bc96518a8f031731f4ab3e273;f61f13dfb0;d626ccd8cb;
08c2b8fc2a99c9b08d00447e2f8eda9758a0e606;3f678faf3071dbed6a9519c180c23312da41a7cd;cd7d50e306;fce83ea5ea;
bf6c247b3e7cb8f89eacd6d1dd1f9ec512b3de96;ce057af9c0d3a2b77960ddc23b76f4d611842303;7e78320df1;fe7e23d0cf;
c454a40ffc7deeaebc8fcdced69046a785a757bf;e3bafd8e0971d29ec62fa5098b80da760db564c8;10bbd9b60f;e72562c74e;
1b70699d64c4507ffec8d1c9928fdca24fe85ccb;d9dc1d6e0dfb3965544251d705aca06ea0352922;cc843bd367;8a4b0a47b5;
ab03eef34c612d77f93d7af5563c6766d89dbb2d;0ab32ea2838a6c6efe7e76b4ad05492d00490fd8;a8e02a1276;58a8d888ed;
a8e02a1276ace42646834dbb030b61e4b63905f3;d063efccb3efc0530efb19f80018627c2ebebd26;72980d5675;f6c2424399;
faaabbac98ee4eb5ca05d23990f1f84591e9c87f;ca05ef903e102e027f0e983d06dd075e479fff1e;484b2adb96;1a423eaae0;
459b795e3ecece8c8c21bc32f5bc7fb7bd2ff055;c57123f188de97731c74c9f77cd191ef0bd5e3b7;93c36ae5b1;a9dcb52770;
2a030cd0cb7b636e0fc7b694cafc05fe0e062304;92f723a1e2561002767ab03764541d9bd43da701;bd947a4261;3e6b34ee72;
b0a0bccddb782936d5fe486df2c009e0db49cb4b;915ceb09ad665e83389dcb0a932086988101cb77;75236c2a76;155b508526;
617a48d938b074eaeecd4cc8a0e959ca60ab421e;4b5d7097f69b16fd8fe8c8fee4356e542cde76b5;89e0abbaaa;016c102bfb;
d3b514adb00619ed250c91d5b831e515be7da138;7073e1b5f181a491d7361603f8733beed9fb8b18;11021c90cf;8537b9324f;
8ea4a411e286191981a2410c29c418a07321f075;b926e7185dac0f38e104641daf1d113063737783;153eac59b7;7073e1b5f1;
4538c2757100bd3e355d31c6441bc9188d6554b3;6d6d8553f199b4846256bc9ffbedc4866d130dce;555d18e832;6f4ff44e40;
edc9d097dd7ab0f87c212c43a356aa6085d5e4cb;69238bf8847552c21f80fa7dcb0f6cc896794d48;6dc34663ac;acfede87be;
34d7ee94c9f54269ca55b45c2c7934fe01335eee;0aef5c1cd3655f5863229984ace4044c0c47756f;a09657330d;69238bf884;
1be23831753e098a1c5bdc1cdda8db75b7c89796;898e6d48b79e7192115da2564d8e357e209c6aad;75e6b4d8fc;ca3cbd95a0;
ca3cbd95a04aaf10268ecbd409e2337e089781a9;ed72acb79523608a8983c9e50cfa5bb59171c1fe;cc508d303d;898e6d48b7;
43d651e25041afbaa9c37c37d1d6bc1a8597cc26;e880d89ccbc49c8307639fdff15a25d3188cc69b;4d8c6a44b1;ed72acb795;
6149365937296a3b4b6b58d7f7babecfe152b82e;cfe5ca12ff9f7c09d94d9cd20cb875e99bdf0727;eff4eaf2a4;e880d89ccb;
749ded3f68e4c6e2790ff34df9d588a0b8f5d1e8;9d9d9bfa8952377f347e2f3620237e3f11fe126e;461589b80f;7fb6c02084;
7fb6c02084514fb5e8cb76b6b7cb06b3e7dbf839;bb99d5032ba51f3eab2bdc74743495850f076435;02890713fc;9d9d9bfa89;
cea5b603b2c6941cdb892a8f2e76ec0e309633c7;d4b1f89294ad8effde1087c5235a6fdd56123a07;0a628cd57b;26c164a3c8;
d4b1f89294ad8effde1087c5235a6fdd56123a07;7ca9b3e6124f9a79d1bcf2b48e09adc551a93948;45876f5d12;915ceb09ad;
f9dfe09527afac8deca02509f6e8bcae101ae8fb;604abdaceea67ab8f0e88f5e3866405c83a8b73e;3affd3cfe6;e10fb4a2fa;
36a4a34d97682a8b547121346f20bca326dba14e;c5666149256c07b640e44ace805fc2c404d08f94;44df89199b;604abdacee;
44df89199b542e2943d4f138a31c7ecaeb07f24c;30fbf2e97029a0a235681d3870a86e7cc6e89ceb;a34e825e4d;2126761d81;
2fe868b0525a25d17ca55a737e4e607cb03be70b;5d29e795991cf6d4e5ad873bc1166cef5708e7bc;e9c7049159;1ee02eb1f3;
a81b29413f27a75c4525852b9f6a71a2d46c9ba5;c8ebab58ed00d77805de59807aa47bd993a6ce1e;605d67c635;cc97813395;
fb549471ebddae570894f9183c5004b3aeae45db;127b9e315079f06e5e443abb91bf363a1589e0de;407be997e1;5d29e79599;
88570a67bbe52e73d46e6a4d4b85ff319d94de05;45a23e6768e0b39f0592d8dd9db647bf51e56fa8;5ca5933d8f;55432007a2;
52bbaf3708e07acf158c62d14cae8ab45aa11fdd;f4215e06444aea2868c5337099592938e1de3b5f;a1d4d9ccfc;3ccc9353ec;
a63fbf8e76ee5f167d3e3ac5f90654d0d4dbb839;109501c549725244cd4cac8fe5481fedce64b5b7;5a4e077480;2ff1223b6f;
883dd1701327bece47da4f1184565af7c3bcd9e0;b8496b14d83702ef67a7ad4428030428b961a310;b5f8bc2c85;6df6fc1ea5;
535ff6804690478522d438858d2d2f8da16c7c00;95fe57ebd626f0ff059d9f92e108dca6c0ddcfe9;a523983226;08535561a8;
04175918fca1fe6215957d6358a3f729e385bea3;ad8db515bcbe90d5ee6095ac7f3ab0cb4b686869;229591783a;0f4209b15f;
468762821d583d7a67adfb9d18552ee27cbfa728;8fc9218077bdf2f92d1430066c9fae0f0d2e861e;62edf6fc41;9a8fd41c01;
ce057af9c0d3a2b77960ddc23b76f4d611842303;c5eadbc1fabf518e94ed9916bad5c1696053cd8d;3bd53796bf;be7e10c067;
ebe50284a598929dd16bb55dacedd54045281d6e;18750a56c68087b89a046cb6d6a5cf3ed1691a5c;8323501622;bb68937b4a;
05e133ea80eff823180ef5fed1aa0557dfd92e9d;376e6aff2fcb7b8e58cabe38f25b1ccb90f6706d;40f4b5ae99;243dca8ecc;
c5eadbc1fabf518e94ed9916bad5c1696053cd8d;376e6aff2fcb7b8e58cabe38f25b1ccb90f6706d;05488e2d45;d6d8d8deeb;
4e5a6b58f5783a33db07e2914e4524b109fd3d72;5c41140ab22bf562a88861174384a1a71b0f6413;e362debb2d;20d7ac1351;
e15126e3ca58ac9edac1983645802d129886cf89;158786560912763f1135657e9f12fbd7e6f76d9f;7a699e1bdb;66bb2ff6b7;
7a699e1bdbaf299bfae0e26209cf1e2535257d84;0508ea55c3155def05a464f8fbe4fe6a02da54ae;ba5365f9bf;786a98432d;
ba5365f9bff5b30d11465113559e521539a089aa;c6e52d5a8c7823846b073e4508d4a99257bc28cc;17912c7113;8d641018bb;
17912c71130399c0d5a445a1bbcf75a43e302d86;376e6aff2fcb7b8e58cabe38f25b1ccb90f6706d;88b326bb00;90d80b5b00;
6675bbeef23ca2343e399b16e75355bda91f8f1d;2fe6ea9b7c43faab1d9ba431ce65a582cdcf603b;677e1e0da2;5dd3e6b210;
1b8a44f6e3af3f66dafb010b1911f2de9791ee07;ff47e2103c73d89f67d74499340213155324b6f7;4d8dc8bf3e;b5419e9151;
b5419e915177ef44bcd9032302ce579a57fc80f2;be759d114b685c5a5bfb40a13603cf3b34245824;2b7e51098a;ff47e2103c;
ea3d6faec07614fc32bde4d2fa60216f3e88a5ef;19c8e3b4085e73e3086d62fe472cef5acab00f30;3364e04395;f9a99805f5;
109501c549725244cd4cac8fe5481fedce64b5b7;23eded13cecdeed4c6f95bd23c46e05c06e96bb1;1fd11705d6;3fe7df2b19;
fe6ce22f0719a8c2d55b5b77b4f2faf6cfbb4ed6;83c78dc2f445f06b4795d79df04f5b255e6d502f;61be5c189f;e9ced31955;
61be5c189fe848da7b2567dd7235456723471987;83c78dc2f445f06b4795d79df04f5b255e6d502f;7611d5cdd2;82ecd578ec;
ba23dd89ffef0007f0d81575a3312dd4a7aaa83d;83c78dc2f445f06b4795d79df04f5b255e6d502f;c9d9f8d5b8;162e9d7426;
cb0c065bd2d1c858951b0d28ee993ae73c888e95;6bddf067becce1c34ef21160a1954d9984452478;59356bb103;117f2bc602;
e1aa3f3c66a0529b373efbb3f646741ca54a13ed;a349dcfaf03269fee259929d9c1b171f5a326ada;1c00d4f27b;1f9fd50724;
1c00d4f27b3a13826ddc752eb8b0189c6d904b89;362c547c5b705ab4a6faf443dc2dab9dc2ade14a;6c34ea2e6f;c6a6aeaf38;
6c34ea2e6f55a891c92e7744145ac27c477b2e15;362c547c5b705ab4a6faf443dc2dab9dc2ade14a;1aff821002;b5935ed58e;
8e2242caf549bcc519b76224870785ae97bdda14;a349dcfaf03269fee259929d9c1b171f5a326ada;976312e9ce;a49c04d739;
9e30977747c4406925140b9029d06558c31228f6;7024b1164aae8c4adfcb2bf44d4463a0e322f2d2;7addca6ae9;05c8a821ff;
3d44ea0aeac093e83630e093f91f46e9063a24f4;362c547c5b705ab4a6faf443dc2dab9dc2ade14a;06800914c9;bbd111e4a7;
b77a9427aeb445d36968f3d246e4afb8f79eb8be;ae214a86dfdc3b106a5be1e00368546420ca99b8;747cbf6d9c;ef63c6f548;
ad69603a419c345ab963288ec2ff0a737d11db5f;3c5193dc93721b5b3808394aef6e299f4f842529;aa89ab0e37;3394177716;
a1dc454f37b93b4ed5347044c04985c595dc0f96;0636f062300eae312e7fcf07dc6514a2c652e19f;fba3127cc7;ced6397f2e;
339417771657b5c12c4fb7bd4a13c2ddee4073f6;913640243156385da30af8889bf60ca134cd097b;b3248b7306;856e5c7144;
856e5c71446ea77bf5cff7de72bb4d920e8ea6cc;cf5d3526516d24e5ea92766f0f67eea6ce34948d;50d8e43eb5;997da57af6;
50d8e43eb5917c63abfbcdec1e68e510943f325a;cf5d3526516d24e5ea92766f0f67eea6ce34948d;0aef7d32ea;0606d680fa;
0373448deb408ef3c747f4a1e8b5e2c74c59b5d2;0d71519366812c49ca150a29c2096d04a9451e5f;3c9db67c8c;9b88aa8f22;
63fb372c8b57d0953a88eb2e950a0f2f446e42c8;cd696ef3b1688fb85875ba615fef1ef64139a410;62054f5f36;640866153f;
b31d134031839b703f5e9597aa48478164ea84d3;ad8db515bcbe90d5ee6095ac7f3ab0cb4b686869;4f091d6bbe;77bf574b50;
5f38bcef70dd717f1b3c9d88fdda96aa8cf3fb86;b88fee55d1c133d50bcd2e318c603115d28699a4;db7103f29e;88b054bced;
14b7afa5bbc302517647aaa1493265e15e90d4cb;cc7d88cec9b1f5a4ae50d7bdbb7f164f56d829f4;2ebd2c9a74;7078dfe2be;
8a904ffdcae172a003ebe4e5e8d1cd7754091c08;48251546971827f0a81960fb206567348c583cb1;8e01f79918;ad8db515bc;
f294b9a902f826d79deb5569f6fa122e3eb8304d;84231016108572aba369bf7cfa8442c3ed0c99a2;b37653b6d1;903f9969b8;
bf46684ba62f5883673ea8fb0a14aecfe0aedea2;2b77b75ddc0d015208d3d1af5d98d04523c5c41a;25e35a7abc;0fb87a7c9d;
414ef25c694349892191e8526579414eb7643f40;48eb5c2cc6492e8127d8897b3cf0928a1d592662;38f4efe8e3;ee1b9bbbde;
45fc1920bceea9789138c898e125b9d5fd7726d1;d9eb4f1f698eb19f39c1993d7c0e9e39f342089a;89bba58458;c95d475e4e;
a484d7b9b3e10eb81ea40d45b51d00e6fdd05f61;7a0502c97221e04d3a5837401b0ce514ea933bde;0c3665751e;128280fda6;
bdcbc9661e6d9efad9771f8c90b5217166596d27;3e371d9048ef78f4513c7bb145de083c037c322c;d45f48b7bd;bbc3ad78fe;
fec75b9b549f674abd1e9256af49d61a697feaa1;9e3704e5e1e5474d7ded8a751629fa8163d3bc67;2dc7ce13a3;b4c957049f;
db81617bc6ef6732a9a7a25086e7cd352b89eac7;9e3704e5e1e5474d7ded8a751629fa8163d3bc67;ca36bb9a24;7a0502c972;
02d84cd38eeea13580ed730466d92fc6c914369d;51c080527a99559519b975f619aab649c901bab4;0ffe1de4eb;808d34439b;
bc2be59995bb893ed084f08ca232e656638322de;8819e935f5b97f8ceb30890898befcffbceb43d4;347ac3aace;d89df2ab57;
347ac3aace14df40e78a219e65aa2db86ff1f16a;e6f68ee995746d5cfd1a653f4a4b62cab9c6abd3;3cfa137c77;937fccfbde;
a36df18f846b61c2bfcbd8660cfce2bf4c619a7b;5b5b418d788ed7de791522213682688f6a3cb112;41108dbb54;1721715d22;
7423f93cfc56d8ac6865d1eff287c82ffeb151ef;cf1905a10437bef0102710f6204e4e6b87e4520a;dabed91b07;e4ae9ff9bb;
fd2e8ce51f1289c36346e301e565505957c97ae1;99e8c8861ff591ffc89ecabbf7b71f5ff0056d79;da371ed0fa;0bbeec0c84;
ae97cf38b9367679c61688baed9fa9ae79bf4ce8;3f5eb709170abe2d8fddbf09ad3944c22f604241;eea8c87844;d5d6d92e45;
0c4697b1495ae377850574d9449242136502629c;b6d721fdfcdda4f1f2578da27e68f6ff50d0cc33;d56eb632a6;4e56d61e33;
199df359077c1120389d6f9da61abc191ffebfbb;0c2d78796b3d1a8972cb83045c230c72ed0f2ca9;76ce60a080;99f87ba521;
d02071e076f49620f0bc201db569704ce478a4a5;d3c650c1f0f246aaa4ea8a6ffb0746a200b7a3ba;d2fa90894b;8becf95e6c;
baaa376b978e59bb0b5f16c97a246089f318bf10;d3c650c1f0f246aaa4ea8a6ffb0746a200b7a3ba;bf610a146c;29fdb5e878;
fd1e6259142d8050f5ab3c7d81b33e303b1b85ef;e98c3e4b70cdfd831b47be16502e6394c3472f63;990589c395;cc1a9566e9;
98f8db8966a1372f1f4f703a85c53454b9792cc9;fb3ee51dc6729d3ff0675cc0d5558fed88286bd0;6c05637994;3615d74f17;
b9f1f2f54f158bbb7efa09e95b4defc2bf53a28b;1734000854cda038c6858695b56fca3dbc7f11ab;d1fe5c8f31;c42cc5b68c;
c42cc5b68c45c137e239bbdbdb3048433cd7fd56;0fd1b51c1482bfe5c6dec0fd605cd53d982b1cfb;8a70dd07e9;27f01bdb4b;
8ebfad76f5ec953563388f6524c3897c1f3e4cea;72633b8a16a74ebf6fb73ecef2c6598bbcfb8670;702cf85975;fb3ee51dc6;
702cf859758005df4d3a6fcbd641d192473042cc;dd65c4e940a5e71486d32fb91f30c0c734aa871d;1518e39eb9;f492ac55f0;
1518e39eb96f8448e0b8030ff9d1179c6f09488c;fde120ffb40b49425b74ea21906eee069af7b9a6;5416b62fe4;116d7bc948;
4421b3ce469e8e69867e84e6fe4cd15c1283f090;115e2eb8b104b8cb65031ad430c703f2681a5033;b2b6720bb0;fde120ffb4;
71bd20a78c767ffe2cb50cb49cb3894486bf2832;eb271b456e212c8f7eaf9f0f5cfd3abc430e834f;6b18495053;5a14655a18;
fa9559828ac585e7e50b2ccbc24510906679cf7a;32191c84092008458c7a7aa4527c1a6321ad0c1d;5e0bf81eda;ba0b0e40cd;
a0e581daaadc5f5eb7708c8ed2aa86fc3df664e7;97c956f944909fa5d16a435dddc5738904c4518d;3f8d5c8faf;99f7bbfbd0;
97c956f944909fa5d16a435dddc5738904c4518d;7f4b1b1f83738efcef046bec92791da16c8284d6;c43a7bc164;0ab1410176;
5a14655a1820214426927bd31cb83966e57bde29;eabafe9794bc0ae3fb415f86baea5d5412604d79;1f47012eec;eb271b456e;
47e1b0c9e1d3d3cfcebe78d350cd8af580dc5a94;60b620e53dfb173b6f7f089c1e18cda57adf9b61;0174b9f8c5;fa10a62d7a;
f8109839f04d28aaaefce73d74892f15e9fa1cf9;a62f1a532de0a8fd80facf869f84be13b7bb9772;adec415481;fbac10e757;
63a2f98e485c2988a0e41ced25d193763bc499bc;eb8d95a5e42ce3d8e7f49935f0476da5fb70b8c5;6b472565a1;60b620e53d;
e91c4e0b3ac2165039f43d67286fbc3932d88a3e;0710f5a0d6c326925883d84decc85c562e293c7e;62c7925f7a;7937ecb649;
ad90919878c1e9593fd50d74dbcfcf0f7391cb69;8832f134a895b0163d5a3731ce8544db96488d4b;9c36f7a7f3;d7faaa3dc0;
89875c225606dc0a863d80a9bd0dddaa14caf1cf;b681ebdc3ab1d796b2c17190ed5ecdc49945e5f6;dd360a77a2;fe740c020f;
472d529a95d2e67b5ef7f046a8cbcb51790da72e;c347afd3ed1278972881f471ba5476c62ea37887;60d8ce8533;d5735fb3c9;
fe12acb85f05d61df4e5fce64d560da51ec26c93;c347afd3ed1278972881f471ba5476c62ea37887;60d8ce8533;d5735fb3c9;
41d760d4ecec4091d909745869c9ef994337e467;fca53b5764e315f15cc2e743fa60b8ba98dba2b9;ff41236899;a02a344571;
33e17aac71b73c30708c9cf8dc77db0adff9f95a;7fd47012328a3dd0a36efa4962b623fc15975321;46e9839664;c347afd3ed;
894cb9943f17306a8e30e8905b246864e641de06;7fd47012328a3dd0a36efa4962b623fc15975321;20ec54858c;46e9839664;
1147dff7c30ae8c90929889ec6307189acfa7a21;3b2b1e505036e73ed461ed84d18254d735362368;6248612075;7fd4701232;
d91df1bddfe582d776514d73fc1b5d6b9c3a8d83;d0ad4ed9a48f49827da2491e4413c398a4a730a3;7548a680d1;df49d78c14;
f68c66480210b9f11492a183f580fb25dd39b215;6484ea714545f3ec47e0ff1770efb035133f75e5;577129b148;22602ddace;
d2c8230955ee79c53450f5d1b58682a9e85bbcc9;f48b772bdee5a290f69791a4fd19f984997d312d;c09c28a2e9;513b137078;
63543d3325448d32d0d6c89934dead13a7684498;d939b76b01845787b70f7adeea557fc439d1e35d;90aef99240;247c23565c;
2dd32133614f5b7ca438508f20d887d39f39f8d3;ee8d6732775bf7b0f88ba3862348e56b7a2fda87;50c3c6a65a;87a33642bf;
eff0f46c88e206f9dc036d66bddb3ec723bcdbd8;16fedbd86b5b62531fd4e7b0113e5e86752a02bc;53c15e7d5b;ee8d673277;
3cc4e5a340f36035635e38f25d14d314475d08a5;2cf60800d5289145f1a9b633bb2e5fdad7c4cf8b;5855ba3b3a;b6465428b1;
ac0533b525fa907b5f9c6f6fbe10ee17c72000ad;97d9bd3bc6e4e938c93d2f017dfb7a1f58819f56;9fac8d1cbb;a68b211188;
c16df687699e6631f5b2fdbb4c718c2cfb0bd369;e6bc4b1dc5112d08c5d1176abadb8f1d722763a1;ed83eee203;b015b62e22;
924b7a64c0bffafd9e943ade0e2a8cb4c5f7fa6b;67691794aa046d3383b9f91ba9113d2f2d761f8b;04ab91261c;e6bc4b1dc5;
6cebc8fa2f21bc18eeaafceed16281309c6031e1;89d0d1f8b6e9462d7ff66b40b1a541d95d4a9b9c;136dc9ff0d;b949dde842;
722317be8f284e3a061f7bd9c7e22cb2239b7de4;3b1561853ffe53cebbaad3ae041fb33f25209e7b;2f1610606c;d027886cfc;
e4812afe17f6836c277f0da0f3089caa9967365d;a0a77c8840f1a952afe436578cd57f6696f61518;daa595a522;ef54a372af;
41c3822d912b85e7ce877c79bc9e4fe751987178;94e5f5da56a2d3a47bb675cc90876f037d977bf1;95a1b86cc9;cfc5ec67e6;
