Merge commit; Ancestor; left; right;
6e3bb10dc7bc9f0f4e44c031463061a766ca329e;568dfbe0e86cea422f55ae73f6a1c1c1049259a6;16f44d795;404d14803;
588d48caa255e390001014398e7e2574e6509be9;dc6c66b9bef97c61ed0cdc9af14c72fdc21f2948;4f3c9b3b8;e26bd7c6e;
4f3c9b3b8848bf08f8528a82563056b875801793;075ec9227b59f51e148a41dbfabd2e281706f7c4;4d640abb0;dc6c66b9b;
30e7becc241b63f0628b7095e2e8aca1db2c3e52;d5cdd7bd03f5dd09438ceffb37f4ec82fc7bceff;3466a73d3;075ec9227;
fd2609572b198d8bd5f8da6dcd4dab5417e8f364;971796f91421d28295ac69f8cee4a806167472b2;37767b348;f0244d713;
ce50e4cc288997bca3328e8aacfd1b3c861502ef;1beaaa336f8f5438ca110bcc96dcf022ec7f9c46;419180cef;f5a84a5b7;
bfa257c5eeff27ce82c0a42133bb1637586f0737;7690a33de90f0c24f21fdac071f7cc0c5a94b825;df095d51d;ac8c76696;
54d8ebd1e41bf9685c9436b8a646f540101fb6fc;851351238a9897ae9c5e3fc09d7c20b5b2b88e7f;d115eebb1;063183589;
b447e398ec5e788ce139f686f1673d1bfa969041;8f9c6325049455b3d2b921f1226aaa78f6c7c734;491802234;1beaaa336;
e399f92b859f6fb0d0d0c4760d48050fcdaaf9b0;8c5f68befec10d32d0805c1807a43dca591b4c04;b547964e4;ff303cf8b;
3cd0b8c88c8e22ec69140980412ef8e8ab6d3788;af4962a0bfd690a7918c97494743d5c1f3f486a0;4801ab083;a7572d32d;
39885e702795dc4d57f416b3e44ea1f86d33d5af;31563dd430c164bd020fd35c6c6530e0264fa16d;65d0ad7d3;af4962a0b;
4be66385c2495c045b4a9bc713f62b709f8a83db;0ede93508cdf4c66791fbe436fc1e917a14dae19;307648b84;3cc52f82e;
05882518965f5057b4df32c98cbe3f42c662d5ab;3ccde7d938fea547e598fdefe9a82cff37fed5cb;528c6563c;b614d6713;
77e8b62fed4748d19fbd350c9fd80a7bdca75c91;216de27c368f85b6f8d34f5fa5c5692c5ae16acb;faa2484a2;70ba54f54;
71385d180d118f857ba59f34e05f113942345001;68a98474dedaed0d7f3c1cddf5211114a7f17963;7e553d8c9;59c34409a;
7e553d8c953af8188b491858a1e016ba55139736;2644cba99ec5e23ffdbe85dfe00fb471e5aa0d9c;4539a5576;68a98474d;
b4896305c0852a9591080a095125b8efdddfdc30;6bf910c5d56beab5c04387a9f0258c17f7eb2c67;f19e26eb5;e85f7f09c;
65338d88e781a81a2ba1b469ccd1e8f0dba1049e;e0fd026b38e9f58e78d191ba3b5f03c5a743b1b4;a696a582e;67ba36515;
727c367b7ee60d38b8fb9bdaac71bd271a3dabb3;21dad11cca4ec982efb6f52b06da7ac23740c54d;43f98ac6b;4adcbff53;
43f98ac6bd028c80a25626e63d059be97fc5690a;492fb802380f38ea3a5a31446bc53cb895cca029;1a584854f;21dad11cc;
2335a4688c6ed4ebd0e3fba998ea077c574257ba;2c85bd6499205256056eb8be03f0d52a27b12981;e081a3bf2;d5f91ecba;
675a1ba2745ee6d226ee53be68c344a37a2b035a;6db505c26bcf6eab726e870d376cc4bb93aff22d;f6bb9b619;48509f3e6;
f6bb9b6192cc47509084e866aa0b12cfec6563db;eba7b84d276eade44f63aa4df3a8581b770e3402;e3d44ae11;6db505c26;
e3d44ae11edf852d10e15565b1159ffa2994deed;1eb2c076f59ab6c85097978461c0263207f4159e;6420fd981;eba7b84d2;
a88617620f2748437ab6d73f9274e3871fed3a7d;28dfa96220f531419674ae3267066198a04ca395;ec4eb3011;1eb2c076f;
fc5c2ce058beea71fcab25a9d6edc2fcfb5d3105;bd05dff4c6d920df7210bcf65feaaf7a8982e766;6f44ed7fa;666a6ac3a;
666a6ac3a259e2b44f1a79de3f4c232fa8631a34;80ad39814ca19ebb761701b59517b48bbf647ce7;9b91c1c65;eb3ebd90b;
a58f15ae8f5d542c02660b82f3499fbade225d98;83d3ec2a5309c70776c5db745a73164f4916258d;99f4fb630;d0c701042;
7196df8dc0e3bdd25ff727f7b98bd3564e6c88b4;d296ebb39511277540c3447eea11e95cbce97cc3;2aac971a3;83d3ec2a5;
831ad130b3319f9a9d9f737f52bd7435e26a619b;727aa26225da73a95032cb46d2b1fdbffd36875f;6bf475fa9;95d7e2ef2;
ca9c35dc28527dc6e2152e59846256f94fed42dc;1a994c8f4e60c25b40c6cfe03baaf80610b64285;d8ff3ac0b;727aa2622;
98c2320992e717c67794488152736843c37c32ca;ecd23e24c30408ad11da416fb12b30756c9686c3;aa288606a;2e06068ff;
866abec5d63b461ff63babe3fdcf363fb7f5495e;461cf3d9bcf08314ca3c2ad11631dfb94ddf0309;a2d87bb06;76d1fec57;
eb6336beb85205afcb5b7a443598bf40c70f502d;004522c8fd9180dd84414f894ef61e2367442988;29cc17a22;461cf3d9b;
004522c8fd9180dd84414f894ef61e2367442988;053b5e333badfadb54642590238b2943c43c1717;de46edf32;423689972;
62329c32acace223c3c20f7cfa32a26c0f7176ef;e588f0af61b18576779ffb95a2a689a5eb1f9d15;00bb75853;de46edf32;
fcd9a660ba73da68474e01bfa36e2a468adc7f10;9c63a101bb516d313250b596dc851fc7949e2381;8f4cca588;507dd4a54;
8f4cca588e0442e8f676314f7c7948a0cfbb49cb;50d4faa76a82982c3c5a111e093b853683d21f4f;0327fa5e9;9c63a101b;
c818d4d09b05b9ae02238747ab629d2b77fcf631;f9a9122f78d145084b3f2dc2cd982f2ed3cbd199;ad5a63017;03f30bf11;
03f30bf11c9315c3acd4ec8db97a2f22dbbc2f94;98202a8347d72d550e175a8a8ed0271299d98c03;f9a9122f7;74bfed9c7;
5754e99de32f0e386ed0f930b545ee1ffac27b8c;3e964e2520d46e7d04341b89b7d11d3d56c5089c;7c6c6e209;32e7d0ef4;
ca3005a01b23463363c050cc0bb0ee5fc3899c95;c1f5ed800214f924cfd274504813d687587e8b8a;8819108d8;9a38c23ff;
b882541208a42c44873358f36d5503a0ff18fef5;10144939b99564eabdff8d870396cfeaa173fe5b;700b52c4b;b1b5fa586;
44b0cd392969f2d24465385742bfc79c29ce2fdb;3ed076706b9e61f184e9fdb8275694b8d5410714;af2ff9c4d;10144939b;
1a0ba000906ec62eed53b36fd68761f775d49671;71d4d7d41cf6862ebbed96855647231013fb5787;20d927f7c;efb15ea27;
aa9a5066a84ff6c1cc2393a5baeacdde11847db5;1ea245288c9150511524114672c42852504077f2;1ca59d629;71d4d7d41;
fddf7eb865e608b38eb5a3b0d123365d7d0dedf3;ab43bebfa70150893fce7adf9aef011b45e8c1b6;6d92680d5;1ea245288;
c6dab9b7e94fbc8e4dca2006b14b652368ba8912;3d97153944f7de9c19c1b3637b33d3cf1fbbe4d7;6a0cdc5ab;e701bd852;
6a0cdc5aba19484e9b096499a0a42ca769a49e2f;6cc9f1a1af323cd156f5668a47e43bab324ae16f;65d81901a;3d9715394;
c6da267dcff9eafcbb919df1e1deba1b3e842956;910edfb634f55cdb8d78ac7d9caf00d8133a11e6;61069b575;8f5d3659b;
acfc72821c270acf151d394f3f1c1dbacd49afca;fae36eb4daccfb37569bd54341ecc49d22dc6f6f;eeac38b29;6cc9f1a1a;
4250c00ae183ddc7ce7c56654596c565fe60ada6;925c7c11858db33a95870256b1e9931e4e33beea;26ea6289e;ece621094;
26ea6289e5a5459162fe6ff7745094cc83cd5fca;a8182eaaad61b0dcd1664fffab6f8f913194ae64;3f8af34b2;925c7c118;
0ea66a06a70cca0718d4d4dc5b66b1dab4405afb;a8dda6ba8d6a9d2e5c7d4632017fb7e09d452fb5;5e941f6f5;eeac38b29;
916de88600f87af281079aaea595930e588f6d06;dc989c92413b49947f043e796d22074bcd52100c;09e2e1843;5e941f6f5;
92dda04600457176b15ba5d8cf4cfc3a22bd16aa;dc135ecbb660b09cd44f430d4dd1f5dd8f70e947;d91cc6dbe;dc989c924;
d91cc6dbe6af0547ea6eb2429be2f94b200fc3b1;ca417a16753fe626814ba1b41195ebe990e9051c;41e3faa72;dc135ecbb;
db2419e0e75b614fe3e632ec8fc5b4892d16c9b1;d16b8b1e0c70707ec294e4b0515ac316491ac24e;2fd9e09ec;ca417a167;
2fd9e09ec97cd890ec5cfccb1c0ed2abe873e7ee;94728344a3f7f1e4127301554a55456b53814cc3;58c9211bc;d16b8b1e0;
44a8547480892162446192dd98683de62ded3706;7e3aa6f977e81718a20ddd584e4bdca71d018074;37413a78b;1473b0341;
83c50543488502ef6f7b6f32f82f6fccd09a1f8b;5d1f645b6d8fa6b15800c54272764b715636f95b;65c81af00;d6625925a;
65c81af00cdfc9af51f89d249061acca6f9b68b5;ec29f71838315577c0c690bc11ff7b6bb1694f90;75c992461;5d1f645b6;
75c992461bf5f332984c9c52ae8b649ae1f33557;507297733ee2b667d7b7b0f53b02d82caf52e406;76b181ad3;ec29f7183;
36da1b708d4398be42f86725fc190df8ddb8b265;987ab8c97b4f5308f8e016052c75fa09d7ee8725;5536e40b9;507297733;
5536e40b9edeea4d2625f62caa8cf0e767b2232a;330d0b6a1565586ea49ed5cf28cf25e68dd1b172;74baf5ff3;987ab8c97;
74baf5ff3b2861974db0309e66d29bac46584606;67764a75e3689111b91f40be7507ec3de9e130a5;732223824;330d0b6a1;
73222382419e3cb42d234e52e94963b16c200509;a5c8f5836a60034b86821fdde699de85e96c55e2;943f073d6;67764a75e;
cf53f39e2f2038b38c751b962e69262632ccfb5a;fc029426c63e78ae33b8155f8b2f5708313b2c7d;fb00927d2;a5c8f5836;
fb00927d2d2d32f0140bec61a72963e004de1e31;cb393fcb504014939ce901774362f5da40d767bc;d66f32f68;fc029426c;
d66f32f687cbe4b8b0ed8a14b231c4b38641c64b;9252ee55fb880a07bc815a7f467745e7efd8a571;95fc10687;cb393fcb5;
95fc106874f1620e196736721497d58638cda906;6985fe446e2684d2a5d708ccefbc5f3804e60045;40970f299;9252ee55f;
40970f299188607f782e96f7f81ecf3a777d7130;87089aef0d62820c9ef496eb1f0a8f95263eba2b;38be1b9df;6985fe446;
38be1b9dfc91d6f2b637807284345a4848bb5880;d5e7bd16c6b78d1198f11b66c7814be12aad5c3f;9f219d5b1;87089aef0;
0fc38a787f76f6c398545f724e5b4fe9ea2b9336;840eae2ca81c597a0010b2126f32dce17d384b70;b83ab881b;f6d9c664f;
b6dbe8737da4709c8c86b5ba19691a9e9e1e1ca9;cc1dd9274b224e58e4334612668c30eb383e35c1;c0a8928b9;25c427424;
23b68993423834a1ef389ac1dee5ac7b613ff4d9;275275afb30b99deed118dcc6dee4a221696001f;db1401a79;b83ab881b;
76cfe79ae67484d85e34650042a81cd25854289b;cc42ced66fe6addbdfef7f77a642c3dd78fd593d;52692e5bf;275275afb;
f4c8427394a00fc7e145ca2219958f07a127dd4f;d9b8e7beb11f2a66ba3ed1745bff66e44905b06a;ac5869c13;fc6518059;
d9b8e7beb11f2a66ba3ed1745bff66e44905b06a;716f3f95fb82c686cc20d7255665de54c5330fa7;dcb5efe9f;840eae2ca;
f0430de160706ff6c3643100d02f1ad4d93ba51a;d1c67a0396e84c08d0558fbb843b5bd1f26e1921;419d7717c;5c8642aea;
419d7717cf90689614057b1a90ddcbfd5f3a7e1b;d3df22b414b41b8d9ef1422f29c295ebf1a4e200;51620211e;d1c67a039;
3614d6c6e6c0f2843693a4a5dbc9176e31cbdd82;113e89fb08b1b6b072d60b3e4737ed407c13db9a;96cfd9e22;77040d85e;
96cfd9e22c693b9e1c965f0b64b5f3cde06495e2;3beb406e647cdd80895d78a2ae1329acf798ce00;74e333a4d;113e89fb0;
ad7fb85bb5692cc7d1138c0cce93174215f8161e;a333b066177133a01f1e2b7e4afac8c92b3969f0;4e253a3bc;74e333a4d;
9b8c0ea80fddfd4fdcd74968ec5e4e71ebf64f8c;666753b6be17c2686e2049257f8731dbb56451a0;5d2d7e58f;e2ba12d5d;
60b42840bf666720b9721039a754a3bc3dd04b87;458541d9284f98b30063d396f925f6fd3b2fa226;89aebd2c2;5d2d7e58f;
5d2d7e58fd5ef73eebabbb34ef267ef1d3bd4915;05d7e0e13f43e12db6a51726df12c8b4d8040676;4e7d83cd2;666753b6b;
458541d9284f98b30063d396f925f6fd3b2fa226;19928d3b68f55015e7e25645140150bb5396bdcf;c1a2d7fde;05d7e0e13;
dd5aede0b01c9d86bd2424e74244548f897697cb;592872f4235c7f2a3280725278da55544032f72d;f3cba27c3;1645efbd3;
f3cba27c3b75a8d205e6f8724a0be88ead958717;a424c038ba0c0d65e579e22001dec925902ac0ef;6b46b5913;592872f42;
6b46b59133140ff2aa2146d00e369c412bc3779c;82d5d10089d6ac311a41548502b7433016c46fc8;02179c618;a424c038b;
02179c618b0e201e8476c9e8a6f46a754822133b;9ea232bef04d6d6b5afef13aca3d04232ce32cf6;479a5c4d6;82d5d1008;
5cbd860fece4b46823e6d138ba86bbccd770d043;c327c67b276d0fe9f71188982c8abaf3c87d9ff7;89dbf2e46;479a5c4d6;
479a5c4d600dfbd6e7d279d0a0af2909a107cdc0;d254736d6670f564eb462f8fe7e894d285e08d6a;c327c67b2;9ea232bef;
9ea232bef04d6d6b5afef13aca3d04232ce32cf6;e66eda977fc4cdf32b3dc33a8d1ff8baf9ce96b0;d254736d6;2a73f0891;
d254736d6670f564eb462f8fe7e894d285e08d6a;0cee8b1ddbddb6acd004750c382bcbf523d79ad4;9bdc373bc;e66eda977;
4e0c38c9ea458737a22e1f699c7b44eb86cae38d;274ca7759a20c46e2140be790e134e882c6e72f7;0cee8b1dd;3240cab8a;
eebc18e8dd514f012a76180ceb56b398d1776863;4d038c9de0aa80a5dae27f552a975cb39cc42b60;d0033cdf5;9bdc373bc;
4e827a768f71d7e1da138279a39acdcb0fb91e2b;9f4e97019fb0dd836533d0b6198c88787e235ae2;e736541bc;4d038c9de;
c5b6f5c39cb92c052e26af94c7b9c40c90006fe9;6f2e36e8d04f71985b21a62667876f57414b481a;771f6c6b9;9f4e97019;
37e50bd4a8be4c08d955d398844110391db897ef;af21e312bb5586aaf6a2b61ca6b809895bf08e27;f87c8a7f5;f4d240848;
0659c099e6136777c18d9083f844d3e56114ff73;15f943707bb046a6c482dd7d0c4d0404b84b7720;effe1c35a;865dc7d32;
865dc7d32c6afc17dac3cccb4d8028f9791d86b4;fc4214a883dc087070f25da738ef0d49c2f3387e;15f943707;914e7c9f2;
b9ccd4e903b37c07311e6d3498fc819b09cc176f;9700cd657910472e2fa5a5d2763fc13f8f9ac55c;e5d99d2c3;7783a3bbf;
d4a6617691d6eb10af81a8b2c2d298e9d8b09aa8;4eb4f79efd351ee4a3b6be72bfe4bd6bd87dbd5b;3710d4742;6e5e2b06e;
3710d4742cfdc12cc056454250cc3ab0c382eac7;179bb15c1e1d331df6c3690307546f46cba00d5f;184e55813;4eb4f79ef;
a87bb3e9b76dec73fd80965016426e6dd8f1c159;2a430e6b663dd833f1c3632f768b559e9ee207df;612f971b7;179bb15c1;
0e851e632e14269b0a24b0f16d8070d312630836;32a1c965923d1dad34fcc75e23f70e8718d5ac8c;a945c186a;8e6c40cdf;
90c217b0e119349325ad95a17fb853026dd6eb42;270498cffba21ae79d3cee152a2b8f1ee1cff3d2;d7affd6a9;b53fa5731;
98e1c1bfed81012e76b27517e53b6b45f1add067;d33730ce3c46156c00cf0ecf25660e60f99de376;e21cbfd6e;a4bdcefbf;
01816ab50eaf532245a046a70676007dc9ec9942;a5eaffdeec16d22f63eea20a6f4782997fe7cb84;e12486033;628ef42a7;
628ef42a760d248b1d72d530aa732a4dc41583f7;3cc3b016a057890d5cf8bea883b6b8dd05534b0c;a5eaffdee;d33730ce3;
8698e6dad388509cb241f89b3a5e3ee74fe99e82;0e644b8f15f4a96135a0715bf7a71d0b7e3cd1ea;3b6e7b439;5f1bb5aed;
a352b6d30fb4250d69a2f144602f6baede855c4b;dfba83d5a0869e2ce6807abb3726e91bf3045064;830a0a30b;3cc3b016a;
3cc3b016a057890d5cf8bea883b6b8dd05534b0c;0804135702d8d6f4e86c0ddca14fec56d5e1f760;dfba83d5a;fc4214a88;
1e575d6e7fcdeee9bab88d0c1930627ad28c84bf;d5699923367ff063aa3975f7858c9a04e23655b5;435d37504;3875da7ae;
38bea1fc94a6c6db8a67a021b801cd94aeabe821;9ee01ad8274f3473b0184f9e472d6bd5cd756219;09006ffb5;8be31ad65;
5399361951770adddae2cb177c02cb46c3aa6c47;021e518746d389866e3644043b5e700c0243b7d5;a1736a0d3;e099ae068;
e099ae0681a6dcecc5dc1275412190dd7bc760c2;6c52f589b70e729e68a292f2c8c3bfd88c1bbb12;021e51874;b5a304a98;
3068c0a86d66601bdbbdd41b76785f50018f2f94;3137b8851aba15d939dbe617b1d339ab17b4b6eb;c4f86e6c1;84389ea18;
d132efa93d5651b61e7e2ab6276b5cc4bccaa13d;bc67eb11a7cf57561f861ff16f879f1fceb5779f;007688302;ad77f05f5;
ad77f05f5be78c6177b10054cbadfc7bc2bd4992;9593e16cf5a3d289a9c584f7123639655de9ddac;bc67eb11a;328a0f833;
0076883028daff6a4460d00ac20360a107fb2bee;bd6968e1e836f8426978fd19665301e7e7b6f016;06d5b7262;bc67eb11a;
e6cb875a7afadc69a977257516cfb394e013bf98;998efd708284778f29d83d7962a9bd935c228317;e8622d00c;9593e16cf;
7fb56aebc9f0217a5d122ce6cfc09650fae82c5b;819cdbcab51c6da9fb896380f2d46e9b7d4fdc3b;88c1db84f;fb620efd3;
fb620efd3127165cb6f11af8fc2757134fb990c8;41b7f9b90149e9d44a65a8261a8deedc7186f6af;819cdbcab;998efd708;
88c1db84f03cd8ec6fdce6790ca0844539260b9e;f4f4a4e035ada20a532a5400e5f093a5a575a0ed;09fd5a643;819cdbcab;
819cdbcab51c6da9fb896380f2d46e9b7d4fdc3b;191a4cdf87b56d2ddddb77edd895ee756b7f75eb;f4f4a4e03;41b7f9b90;
a0d5b64b5aa082c7fa256ec566cc6b3081476968;a906722d6e1695674cf3c5b60de1c6ae95aeab55;23744b3a9;f4f4a4e03;
29a76b22f4a9482aab2c1908e9bd7c875cf77a37;cac0d4d4a952f0b2b7d16483c03eeb078e36f7ca;a906722d6;191a4cdf8;
06cf17d954303f898e6f3d724c9afa68beb9f249;7991da9ebe7b0353ab12a312f98f610a43e64893;0238e9d81;e239b0d2e;
e239b0d2e8c0d908410e89c87de8cb228cdb977a;d4983c740fec7d5576b207a8c30a63d3ea7443de;a498dd8e0;73c1c2cc7;
ac7c0cebe2785a6c4736487497460a56393b81bc;1886fe7ffe54ab14a0c36841f5132af698ad5e91;b57188509;7991da9eb;
1731fd7d3fa5d5e1ea239bf26a0d7cd9e18b4ec0;1d3d3f4c3c98db63fc919c1224aeb8fa0ff7b0a0;c9f36d9b1;0b887a0df;
0b887a0dfdeb4c4d3dfeff2807f7ed0920c0e6f7;e51a149829ddea7990fde8c4fb955af35c2d417b;1d3d3f4c3;d4983c740;
2d572a89f17745d164ee370de796ed7619158ed7;fca7c57fae3914f3e462dffdf46dd21b74ba29fd;3b5363973;fe5000e2e;
236127c5aeb50207ff14129fcab7de538e120db1;ffcdaadcccb3dfd61fae2661c5c72b842370f6ce;7bf799c45;68b1f71da;
7bf799c4510e8e3a7545a38535ea54639215fb3e;4edfc5af1bf9685728be2a4ddc727f84500952d5;b65ae1488;ffcdaadcc;
b515f6fd77532bf20f5d53ebb3323d05b787a3e5;dd4c5acb321a6aa9ca230aa505266fb2dd2f90ff;35bc204f8;1d3878f13;
1d3878f13bfcbcf76e004716daeceb1a546e9ea5;862fca92390ff3ccd9124e9e27238c101b0f7cfe;dd4c5acb3;68d3aa407;
2b3fd94f7dbb51e376c209f59ebd597450240dc4;5f7c69bba07a7155adde130d9dee2e54a54f1fa5;862fca923;f8a638313;
35bc204f8769cefc6a33828ca32d6cf59f1d5e15;9fe6c6fcdfff07cf369bf44886b06c0f0c204c73;b23eccb78;dd4c5acb3;
1fae2f1943eeb35b46d7cd3081686e013dd86d07;e12eea63573848f5af1350ee09b97ada287e3a33;a18e2c018;9e2a4a95c;
a704dc6ad86d8dab4e38700918dac6877879a276;f4ce9dcfe4d67e40c669a1b1d608b7b1b7e9292e;d4dace571;e12eea635;
e12eea63573848f5af1350ee09b97ada287e3a33;4c935660a4d75fca9371bce5665ffdd911e7db86;f4ce9dcfe;862fca923;
862fca92390ff3ccd9124e9e27238c101b0f7cfe;c9ef4a10d6f6633cf470d6a469514b68fa2be234;4c935660a;5f7c69bba;
d4dace5715383a95f751aaf5e57f9d01e42b2b5a;9874f236011dbbbd716aa4780b34a82d32bdfdd2;21a33bc88;f4ce9dcfe;
f4ce9dcfe4d67e40c669a1b1d608b7b1b7e9292e;232e518944d0e1875a866d719a4286e232427865;a55c4a9d4;4c935660a;
4c935660a4d75fca9371bce5665ffdd911e7db86;b596365109898a88f0116220c44c0c7400bde2fd;232e51894;c9ef4a10d;
a55c4a9d4164794b0afec54a14d938c02ea6510f;efc3c0d02f4743dbaa6d1b9c466772a2f13d966b;9874f2360;232e51894;
232e518944d0e1875a866d719a4286e232427865;268420418c9e190fa03b283d448c3316b803d5f5;efc3c0d02;b59636510;
63548e0b5e97cea465d7de436e2e7d88be0b2d21;8bb7c9abca9a2e298a2436cb995ba1721e49de5c;dc0e265c4;c8d1c71b0;
c8d1c71b072acde6af9aad7fb605ae5a1fd2699c;5b96e0626d30782ee53133561024bf57f0a4c472;dda513bd7;efc3c0d02;
d994b2d53105a173d8afcd84100b55a1a5a7c38d;c18df0986889584ea5bd5bddc27511692138d313;d7a0ebc77;3e6524801;
8c0d7771fc650edfdb0315c06d4c629f7e413e14;83e8f5e28a6d3ac0d2326bc9222fae53cd5ea135;77bd2efab;0dc7f0071;
e4874f5091a7c149b6c9ff6d01ce2bb514708d90;394696761e7eb684ce830ae48ce8ec82eae36cbf;8d846ae26;ceed2dc7b;
a9dabd0a3b0f19ee60f418271ff04f456791338b;69903aeb290415809bfaf6a2e18ec6cb2141fc5a;644b5cef4;394696761;
b3402c3c9c364f10f230d0f4096472dd59e52397;0899726ec34568fae12d0c552b6024d8ba5625e1;72cd4025a;268420418;
4a6627003d7a7bb4323d188b835add44c8bf34e4;c50516de13bb747090413e40bcd213448d94ff2d;f3a615879;ccbd8d1df;
c50516de13bb747090413e40bcd213448d94ff2d;26dba44756c0fbc3cc034277dcfbf58c20befb40;b631af0dc;72cd4025a;
38f0b57d5f3c97ce669c815ddebfe4ee0b4ca20c;5256bfc1a4d2f70e430aa368e9ba70cbb218342d;89a20255f;3b5f1e5d3;
26fd2579c77dbbf7a7dc4d056113efedbae3a797;323cd0b309697021f1883de1e53038d2d09fc160;39294f9cf;f6cf18175;
b42dfc4fcf1dc7a1473a2e228afcc1d029371266;63d48ff05508a5f52ff10035602f079d2f3390fb;0d0f01b0b;323cd0b30;
63d48ff05508a5f52ff10035602f079d2f3390fb;bc91126c55dc513735a2a95ace4c00a6021c76f4;4651b407f;26dba4475;
26dba44756c0fbc3cc034277dcfbf58c20befb40;726cbf9eee0835c71a99d7ddf1515f1dba91d9e7;bc91126c5;0899726ec;
0899726ec34568fae12d0c552b6024d8ba5625e1;96eb83bd3816fb9af7b59ea41837ae66afe871d6;454be8bb8;87d29af25;
fd522c58b94fa5646f56dabd6ef4e219e939100c;bc5e138dfaf572ea519cbfefe36a9bec8b017365;2a5d022e6;bc91126c5;
150a49f49e24778d7829bde4206e4c478f99e91f;7487cf7eb14be2f65a1eb108e8629c07ef45e0a1;bab96c4fe;bc5e138df;
19cd7aec245f8623a505c162bc0383f358dedb47;27b4defc270454dea6842bd9279f17387eceb737;7487cf7eb;726cbf9ee;
bf261d404c2f79fd3406237710d40ebb03c99d84;051bd5e447fbc9539e12a4fe90eb989dba0c656e;822d3cb2e;7487cf7eb;
78e78738d69adcb59fdac9fc12d9053ce8809f3d;18dc249e793b15e40e67753ea5e988bd428b1a92;ba0df204d;051bd5e44;
051bd5e447fbc9539e12a4fe90eb989dba0c656e;6799f8f10cc78e9af6d443ed6982d00a13f2e7d2;18dc249e7;27b4defc2;
881f9209aaa5e604f9749ad0f0345845e32c42bd;c5bfb9a191240fac1744d6569d48a52ebd53c3cf;9b1b35de0;18dc249e7;
9b1b35de0af5aa43d7bb9de21612088d9c4f7496;c921f0935d5e41bf206e702d8077a275ba1a6efc;bc22f90eb;c5bfb9a19;
e66c0a9d3c926ff1b63bf586c824ead1d02f2a3d;038b471e2efde2e8f96b4e0be958d3e5a1ff1d05;4a2d8f462;c921f0935;
c921f0935d5e41bf206e702d8077a275ba1a6efc;bb45fb16709018842f858f1a6e1118676aaa34bd;038b471e2;6799f8f10;
20a1b6bc2d0ff719f2163097ae3a5e47bde3b42c;5939b1acd7c6aba736b2511a655ba8529a307adc;c612c1e4c;562484cf4;
03ea0bec6293d4330b5ad19d1d62aca0e3cb6381;b744bf378c9fcc25c69244dcd4133f150813aa3a;5939b1acd;038b471e2;
12a833f4a590a767963400bbdea91e856fed0952;615bf02c9a48fc22a4c07688203793646081f377;2acac95f1;b744bf378;
bba652c16f45fdb83956f6093b88f0efb88df584;755e3bc0cbea30de0102f6a88519a0c34d571bbd;0c63cfe72;615bf02c9;
0c63cfe72666a730f923010c3caed115176de829;459107dccc9b3ea991af3e6ad0953e54b01ef7c1;2dff214e3;755e3bc0c;
4f16f67ebd22c7522fdbb8a7eb87e3026a807d61;bade4792d12bcf7242ada53c197a924332840864;978798382;459107dcc;
459107dccc9b3ea991af3e6ad0953e54b01ef7c1;67439539e431c61e5fdb0c440628d1150482ec34;bade4792d;bb45fb167;
6eee8f1665755d2fda42c59ce74cdafc29ca5554;10fe7f17ea7c8da2a71e7a0c774b420a1d5c1b50;b40d5c4c5;bade4792d;
bade4792d12bcf7242ada53c197a924332840864;f031f27a31625d07922bdd090664c69544200a5d;10fe7f17e;67439539e;
eb217dd0f87c5fb471e0668575644aa7eba9a3d3;569e36e84ed99d0f0e3a3473a794f94ca739315d;9bd182938;10fe7f17e;
10fe7f17ea7c8da2a71e7a0c774b420a1d5c1b50;e8f043d1aac9b82eee907e0f0c3abbdea723a935;569e36e84;f031f27a3;
67ebf7305f492285a8f9f4de31545f5f16fc7c3a;dfaca81ae7a82b7c3018f265815e98a5138118f7;438709055;1f0756d10;
4387090556b4e7057d9734743ce04692c61236e2;a1404d5684783ccf28dc1b0a2791ce7c0c311907;985a3f980;dfaca81ae;
f0fbb322cd26ae5cf30665a3bd9f6e27a3e26684;467589680add00ab49108bbbe7db375d81a75837;6aa985bc0;a1404d568;
6aa985bc05bd938122f0b76aa782c56c4e55ddc4;536e58d5853e70f7b0c322f4a2f744def0aa66d9;b5051628d;467589680;
7adceb85b46520a31d34802c94fdb3a5375d809b;3414458ff086ea37380628804cf0fafc1b66785c;f1b16a81c;cab130e49;
f1b16a81cd27e4fdc3e4882245e38bfdc166c11f;e6d950a6c3137911ac8c37af918657f9b9720a58;3c814ae55;c96798cb5;
04c777fe2db9716c7e1fccf03d176e607f0e0d6f;dcfb0ccfc297067e1ab433d5bced58d109f5c99f;9a81cf17d;3414458ff;
9a81cf17de8efc6c7fa66ed231e30c957cacc80f;798da688fb0433f739bfbc066d205d42038ca7a0;8d0b850a3;dcfb0ccfc;
1f1a2f59739fb6996c9372e4e71c17e62c1134bd;fc0222ba5db116f722a73e59e6c397c592f3b0f5;50047c239;798da688f;
eb5fcc58f2a89fb539b7cc8205fd166db305d9d9;44969264a0efbad0de53d7315a9676970421ed49;ed5ed4ea5;424f56c34;
02ce588d77761bb03beca5748f3b2c918f205b2a;6cd5be98485a5fe8920846bb0b47a0fec87113be;991ccbe89;ddfddfba6;
991ccbe8935953370f3dc778bb232a86d7c94478;ce7d1c9abc7a8eb3bd882e700691ccb80491febc;68647e789;6cd5be984;
659408c3f5a0cf7d5cd9e5079ffa1ed828848f2a;9c4a7e51d97d34fd96492003bf88588f11cc3aed;9c4613218;ce7d1c9ab;
c64b5a8b36fef8385e47e865514b51534d3d5795;27491ae4383f323a6e7d493ea2aa76ad43cbb6c0;51366505d;9c4a7e51d;
a717cfe8e77f61cdaafe697dc6b80c84ec5197c2;872366caf5a11364960d7c9be0bf18598392ff09;03cc86bc2;27491ae43;
d68bc8030687f6fd02cbb3ac62ca15ac3b28f74e;f84c11484fd00cf38f329e801bbe080e93bb006d;0c889691a;684768046;
01bc56bf6b5b0dcc4e5bac4a544dc658b28d1c80;e20bcc877a8149a9c4ecd562209b3b3954b6dda2;33840a208;872366caf;
872366caf5a11364960d7c9be0bf18598392ff09;147fb0814f0d999f8ee58abe6c7ff7db3ed4ee92;e20bcc877;e8f043d1a;
c07b0efcc7a93f59eb46af28edf0f594262f733d;57abe4d6d72b2de904f79bcdf832abf65846ca81;d2d2e770d;33840a208;
33840a208b04f0eea79e4154cc160c9839768d3d;f84c11484fd00cf38f329e801bbe080e93bb006d;57abe4d6d;5e3bf0820;
10e08caecf4ac3b7c0eea368cbe4deca5ef25d98;075319dbf91d6c091c78a3b7c686b579569678e1;f84c11484;e20bcc877;
3fa2d1f3fb091ea7f06e57e4d23d34e3931c0e3b;9e99ac27f6e169966b3e31557fda7505dddb5aa6;7683f49e4;dc2c00358;
a1d27181b076d0aa9d52888f2d5df1df63200521;fe80e86551be38fccb1a983854925a78db6e845f;2d7fecf16;5a0ce57b5;
77968a2ebfdc4be13acb9b5757bfc92dbf057495;fdab819b472b7048b6542071391b2d7c038eaeb5;e353aa01f;fe80e8655;
898e7de0540889db2116e4a24432524b17009f24;247122fd51244aaaf2fdaae162971a4ce52ba702;5671dfb1a;39785388b;
ffab72cb034540f71c26b1f2d810fbecbf56c32a;4b00ccc8ae9763c76e363621dc9ee4b8692d30dc;f636532af;93f7e14d0;
f636532af5bb04fd1363b7e8764cea0bf30f802a;e2476e07b2542d9791995d6a01b2da64e3c9128b;3bbe7da13;4b00ccc8a;
8ceb8fa3516c46bbd16a89e5fc859d6b67e962d4;752bb8a3f3e927013a97d06c219784be4e337f25;95ee512d3;e2476e07b;
4aceaa718ca1c09eabd363288d43d9a956b43fd5;9a083ad56b20711eab368a7818fb079a870feb93;b8b8303b4;752bb8a3f;
752bb8a3f3e927013a97d06c219784be4e337f25;86c43debb15220b3d62bd973fda29fd861b69851;38f749ba5;147fb0814;
e8c108e975187a0f6a1c7866c57693c8fa9efd19;e03e9ba065cdf518fd78c466c43f42f55605f71a;24b5821fc;9a083ad56;
78ce0a5f89266caf8ea6a8f4fc36bf6f41463397;4a2b1ae08ded66b77e05bf8fa0ac8a2e8c60709d;5c596ca3e;e03e9ba06;
7ee9c83c62555cd38265601f2fb9c3f25041908b;f13cfb1f671af15814e2aa34e9f12cf00ab93b58;3e75d5472;4a2b1ae08;
791de8fbe5b869852fc10f9e11b88b8000fd17d2;56573e135efa4428b52c8374809cae03b39a1dc2;c09f7c037;f13cfb1f6;
9bb4f3b63f07f5772737940baf23fb88247a937f;520cdbae780c15e4a0c181dc06ced268bc1783cd;029413a6e;3ddf5005b;
3ddf5005bf802eb764a43ad769659c329a77e14c;3bfbb835e530055c1941ddf87fde0b08d08dcd38;520cdbae7;d1e40cad2;
680d75b011edd67a2d2a2e9980998a968194c2ef;513ab6e9a8d55f276d226976f71a17049187a1b4;2f9d731de;900426920;
90042692085deeb05ae75c569c9909f7dba24415;ec859af181fa5b2da62077d00154e3c13c9d8f28;513ab6e9a;3bfbb835e;
d89cfa159b0c181ea6ad038839abe70d01c3626a;ac3497208aa4a5d82e157ba28ba087be589ecd59;f3d729ac0;513ab6e9a;
201398caf03ca579c29f5a715e736c6205d7ddd1;60d459cedcf079c6106ae7da2ac562bc32dcabe1;d6333e50f;ac3497208;
ac3497208aa4a5d82e157ba28ba087be589ecd59;6ce32ffd18facac6abdbbf559c817b47fcb622c1;60d459ced;ec859af18;
fd8dec2c7fab8b4b4bd60502a0f1d63ec23c24da;b64c7736015d28c20857cdb91584308c78edd8e8;a0863bb69;60d459ced;
60d459cedcf079c6106ae7da2ac562bc32dcabe1;28ec8a47d381311818f805ae76bf84da30f516f9;b64c77360;6ce32ffd1;
a0863bb691730415e83562f36149d78eb1fc9f6f;262961ab1d44717c6f3250f442708e7209fb1261;f4289bb3f;b64c77360;
b64c7736015d28c20857cdb91584308c78edd8e8;6b9782b5a492cd29783cadad76ad823a47e70200;262961ab1;28ec8a47d;
28ec8a47d381311818f805ae76bf84da30f516f9;644487bf9b525b26734bfda1780b272b52631c5e;6b9782b5a;96eb83bd3;
5425fadddbfb0cbe45b0ffbdbd64b8b57d0eaece;32001a60b2e80b7e1a005e41d2ce6bb9b1576dbf;9f18c434f;262961ab1;
96171fb5caad389a1016e98b9119e5240cf8866c;5f8c69e839fbedbe5c8a3c95106f54a602597e68;93a0b9b64;32001a60b;
32001a60b2e80b7e1a005e41d2ce6bb9b1576dbf;04cb1a27e0fe60fe9bab64dfe7f36b3f7649ba0c;33c8e7d83;6b9782b5a;
fdb433b20d0d2ce97b3c86ec0b556e2c06380294;5f1039fd154df1337741fa1b3c1c5e61a63456d4;7a011ea70;04c33a5e2;
f628ee7175f8881f4b225e110c9bf95159eb7ce5;ee265dbc8a87b594162bc3775fbdbc262100de4e;1060c1ecd;a54626374;
5b6ce55df1b77fabd072b4cf9275d1a9dbd4d482;3dd61ce303951f43aafb27eed0d9ad18a28081bf;17a8c7281;a2e346019;
17a8c728185d3cbcef8db251bf66d224c395f149;9919f9dbc21fab9b2a56dff6d33ce5376b8d407d;37461d6ac;3dd61ce30;
38c146cfaaf83a54280cdc4221e8d67d0949d334;934f485d4c62854dd2ef48ed7ebb238f3abec0b7;fea0d29ea;9919f9dbc;
4b880d27448f1e3f8ceb0db8518c2f01f48c3395;d892303fa5cdcfd5278f6c2a2b1b008d720f7b15;2db5afe5d;934f485d4;
48f65879de48482bc775665798bd699a9285d21a;4cfee0756cecfb62af04c92b4c88edd13df7b9de;fc7477131;8de9cef9a;
1b7f096bead41156a70767d7c13281caaf3d0ca8;23d49e359217fad7b6f316fb31a7196ee4aed1b3;b1087a6ee;b96a3b55d;
b1087a6ee2b204b22550f69cd9fb7732c8ce6390;8d5bd66838551ee43b429fc9a88367609d01ee48;ab494a13a;23d49e359;
57f8cda4ce1d4dbe2d5256a7bf0aa83dfa410acc;ce114737139538f72d2a7a994db41befc32362fe;e0be428f2;8d5bd6683;
b1226368f8149b0a1ac806b6c41fa3c87212d145;ef17f26b4ad3a28979cd06b1ddaeda99080135b3;19fc794e9;ce1147371;
1b0e6b6aca16a0a795b3d65100372139c2f1d071;5bd76050ed0f8cdcc7dc559c438159cdf8bac745;71430dd88;0ee6a6d2a;
cb38b3dccdca030f63e42f6d403f03fe4abb0629;64967c410514ec8a94bb11bb26d6a37fafafc14b;54fb5a3b1;5bd76050e;
23a30a77bc9b03d9feb480d189605c8a9983ccf1;d31312c5549aa67ec21ac8fd1399d5bf14d4b4ab;c59ad6947;64967c410;
af2129c699a7e7431016844e4256eb3a10b8e53e;16d77253d2ba0ed293a12013e459d56420a7d056;42a108990;04cb1a27e;
2e9df7d6fb534e86bfb1f0fc08bfae8559486658;ff441e82825ea48d28baee6ae7f0f705ff421def;2f8eded00;d31312c55;
f5ac3793fab146b851b39b8e5a4cce71c4431d05;cc478a2b587b91cf7563847540472e57a2c9a7b2;581ba1f56;ff441e828;
581ba1f56830e6b00877e2af4f7f2fb0c3404e2e;55f0f3e95e5e1e8220d69bf8048a50a9513d866c;a66b4e095;cc478a2b5;
cc478a2b587b91cf7563847540472e57a2c9a7b2;58a7f7bb8c61104be50ddb974d0d2bb0e7ea7dac;55f0f3e95;16d77253d;
a66b4e09541a79402f7d5773fab22d0de6bba709;dfd864f1757196b0afc1a6fc26dc096829cd2b22;f33142aab;55f0f3e95;
55f0f3e95e5e1e8220d69bf8048a50a9513d866c;63afa5297a0b8bcbf31b9c91e5d15537e0fdbdd5;dfd864f17;58a7f7bb8;
f33142aabc82f97a1ba8c0c9093d447c8182ac45;a4a6338750d4fbcfaa6f9b872157a6db5d1bdb33;d83a0dba3;dfd864f17;
dfd864f1757196b0afc1a6fc26dc096829cd2b22;d3874ebf3c0585270f1fe33eb7030667bacb63b7;a4a633875;63afa5297;
d83a0dba3780f01bb92efa923f40d6acd5d92b80;749edaaa0aeb772ffbb358d3290acca55003c1b7;1bc5874cf;a4a633875;
a4a6338750d4fbcfaa6f9b872157a6db5d1bdb33;23a733207bc88a06ee486a5896b7b0c4ebbbfef4;749edaaa0;d3874ebf3;
1bc5874cfe0389d7ae8a044540e7517fc2ffbbff;95f1df1378f2c84c9b6f821c9123d34ebc2418c9;c9c78f3c6;749edaaa0;
749edaaa0aeb772ffbb358d3290acca55003c1b7;d44600d3750e5dba9fac68aee7248ed2a80a2225;95f1df137;23a733207;
c9c78f3c647fbb779d13337d0e348bd64d260919;9972618859e6e8ea532e3ff8dfc9cdc765ec435a;703e2b4d2;95f1df137;
703e2b4d2227645ecb8c62513469eb658b51fad2;2dae72f158c348379c4aa05303b414e7b517ea51;1850fab33;997261885;
af3bdbf0219c7405d0086830180c3ed6a2094ee4;7fe2d4f1aaab61e41f31f792f8a988157a34b34c;66054e29a;d7155de6c;
8a231f10db55df0ba60977620b961daa4809da03;75b7049f51774b4e730afe1bfe0f2be4aa45aefe;48902b190;7fe2d4f1a;
7fe2d4f1aaab61e41f31f792f8a988157a34b34c;002a9a3e9b98ebebf53e43aed0536d3c50851c84;75b7049f5;d44600d37;
ef9d6cf48fc1fb91ee6fc3f926ad9cf40a3e9f08;522f2ba3cbfbe0cfd30a5ea6382b9ab9656d4059;427f4f6ad;75b7049f5;
285133504c03c8d624db5af41619a4ccc712fbaf;d338aa5049600d29c0784f5b9cda06ad1cc7626b;9434f515e;522f2ba3c;
f1e31ab2d4bd40ab72dc630d572e8d678e48178a;f6096839ea05c78d44295642ecb473a7553f06d3;bdc22e97e;d338aa504;
bdc22e97e3e4a9662f21214c96710addb20f10d0;00fd5ee59cb54e11d9f15252e610d870d17fc573;b2f6f9ed7;f6096839e;
52c9ffc952046b8d98b9c1294066ddcecd480e5b;fa6f2471eedbdfcd862dd8d295e67e79f7014971;a0bd15927;c3e011321;
ea412b153e8bdcdbe015a546a7ec98a28fd2f5cf;ab9fcac6caabd74b488d1d96c90e06165183cfc6;60081fd9e;61fe53a0f;
61fe53a0f9b1b7ac1310607187b75d6aa38c26f4;1bef91cfab63c339f0d9a35dca798a40d4c977a6;ab9fcac6c;002a9a3e9;
60081fd9e16e4bc41f2b54c814f248a44f3fc31c;4499bb6172a47f7ab6b2bcc1067a7c41ebdbb754;c2299083c;ab9fcac6c;
ab9fcac6caabd74b488d1d96c90e06165183cfc6;422c4cc5c205f0cc1ed76a20547a933d42bee651;4499bb617;1bef91cfa;
c2299083cceab30ee5a796f8dc3109612a9e8bf8;88b2086c7d6b17c5254bb45d54525f985af7003b;2c3cad39f;4499bb617;
8771ed4cd0871dc844821c48cc6e1e01217e7fe1;f506acf31b05889e409fc92f7fa52238c40c031b;fc41d6333;88b2086c7;
4c84834e70e9a0cb7b8a0404b1884934dfa64630;5b6e3f6d78f06f8948c821d2f99b7248ceb8e7a4;22ffe2e18;2dbd816dd;
cc9dc8fae3c90a6603b346bd958da000cad69059;1aeb52554a104f0a2433788be406d53b39654952;fcb3e79b2;d0cfb6453;
b2497a982016639ff22418611cc9c5f169c42b7c;d906a34178f27803a08e824e3c2474fc0863edc4;8da9a1aea;6c283a809;
29f19e177c9d014bb2ed730058d4fc3c60dc8cc4;cd5430a91723ff8cd61928524ec21ab4e14b20f6;c9e63cf46;d906a3417;
49d9f16188e78293224a1b4c11b6b8cd6641ffbd;a784230ac6114fce0c87f09eec75ef16401334d1;bd36ce494;aba2c0a0c;
0bdc42c95f3ea5e244fc395e5311aabcc843a50b;407f10ea55dd97873f52ce26682c3cb1787f531d;04ead2e5e;31ceee755;
c12366e033dc00b5c161e56c73130d889277523c;409cb7c9f271572c0d3e37bbc1ade18a242f067f;407f10ea5;bba362038;
9ca7b265d9b3c36ac55ea98f1ac2efc757598f5d;a784230ac6114fce0c87f09eec75ef16401334d1;3097ca29a;50e4de4a2;
bdd03cf626e1ccb87e93be5b383fe68e884bcc39;fb5d265614d3d7481c2f8783e08d0df5fcee3175;7eaf599ed;407f10ea5;
3f4ac3247dc8dce3acfb4433ab0ab13ff1187128;9a666887d85349b35e0d80885a7c7cb38029467d;f2b029deb;494ebce4c;
8ccda6ca20dbdc59fcff5d42d8901b929f87fa25;50855c39f7c28e21e8466787f463f8c3eb0bfa3d;00cf97c35;409cb7c9f;
a4d6fd1e7f66f83dbdaddab94e14bac6864061b7;9257bd6b6a0227c400e1d008d5ad03d2244a6155;b3292c25d;9a666887d;
b3292c25d1bebf9741d57628326bbd34ddadc584;b9904fabe30090d7aeb8cc559f781988672c25de;179088e7b;9257bd6b6;
d3818442d1c66d24ae9208ab2e8e1fc89e19e89c;6362e24be428cff2e1b0185887083e4b3cf26908;e45279370;b9904fabe;
ed3f4a90600b4cf9580ad3c5be9a92ec059642bc;ea30c7b4d7c4621f777aed4cb4552a2c1e2270a4;b6d330f86;6362e24be;
6163141d99c2e8a2178c1a7eb2bab7191886f1ca;051189494a7ff3a7be5e22fbe9b411b52619b950;847fd8213;ea30c7b4d;
819b7b2f51e9fb54c843cafcf6f6abd36c6bafe0;1a88f82dc9a5b29e783b8cd3f884c11b44ba0e23;6a7043de7;051189494;
7b9746fb616ece98eac69968983d141f5548a057;50e3a3b1d9a3a6bed66719aeb59c8cdce8e58015;2c35c900f;1a88f82dc;
1a88f82dc9a5b29e783b8cd3f884c11b44ba0e23;a1d0251ec152bff76262f45406b64467706643ac;50e3a3b1d;50855c39f;
2c35c900f92b0c81df67cbe6baf2a24ef4070dd2;ab4f17f355402fdfa43994e8b1809f14ccce030e;b65bd7a36;50e3a3b1d;
50e3a3b1d9a3a6bed66719aeb59c8cdce8e58015;4e94c0ed9eca0caccb57feb0ceb252fc91198032;ab4f17f35;a1d0251ec;
52c52a5f0fde9979d2f949b333230500dd5b3756;df6ea43bdada52d5265d52c7d6c75e25a14da8ce;fdd959621;ab4f17f35;
90ce795d1449c4b2cbcd3237808222da65796cac;21dcd6090db1dd2b59633f71fc97c6e1f322ddab;a0dab0453;df6ea43bd;
becd54fc004373dfff54cc6ecfaf09ee66cd7d88;d7d13a2802a792439bf1d993ba6796354f0c844e;8ae6205e2;21dcd6090;
28694bef7c98a3601b6888d8190542be51dad308;e2184aa8daa6307ff640a59941a1be4a347ac366;f298f989a;568005dc3;
3edb591e8809940b33a211a2439a6394ea7d30c8;987a463a185d25086c29ee2efa0c0e24ecf77cb2;e2184aa8d;4e94c0ed9;
00b82adbc41cd9564b128351111c5a979282c595;be114a9a286c4d194cd268ac8153173c52619a8d;62bf425e9;82c346ae9;
9f01551c3f875ec7b19ad260683b794e6594a55a;ea2b0d7a9b2df8ac4f56b015883c5b09a37cc8c7;8a5b11175;efc6b982e;
95d3a0907f0f103911f293af30c49515d8439e37;a354adcbe0666a39ec555b31e8f5829c76154bda;6dea02285;c917a2a0d;
c917a2a0da3a8ebc4a671654e481c979fe1dbe98;ec327bdfe8f42aefcb5e13da0c78164d45a7b317;34643746b;bcd616d28;
0fc4a7c055e7b061fbcfb3a0647cff1ac2d55d9a;857c5b2df386b066e9979b53e4e16b09a1caf844;658073437;b1df870bf;
547b620a4232a194716e296e37c866f8b7d884e8;8b4a4cd58b720f928b13bf8e6e4155588ec16ccb;9c39fc2a7;ceddd2cda;
b5c05ccc7e497fe1c7828a9258ce4e5ef4593167;0d700fd498c64533e6b4a35078f7f17a59bc421d;30061d9d0;ec327bdfe;
30061d9d0b63244f5623209b4c7102e5921ebee4;19048396c24b84fc3c65b1864cd1d800f477f797;ccd7212c0;0d700fd49;
563d34d21e1c9cd02067f02bb02800af6b1d8ec2;bb06aa071bfab5dae714b95abd31ebf4a6017d37;129f9ba1a;84eca86b6;
ccd7212c03ee6ebb240ceb5147ff38b89ddbff47;e4b261e94933bc9a03345b390b7d5558e7942321;bb06aa071;19048396c;
e9ade49a0ef50c24c3fe7df76670ea33d398e5fd;627a74f138fb63f40442b870c00be66ba78b3496;facb2c000;e4b261e94;
facb2c00012dc212576a274e3f65d06b17b5dedb;bbd8190030022df404a8f7c47c1bc32e990cb0d2;041e57fc8;627a74f13;
041e57fc891071372ff8e4204d6bbc0b29e0d4a1;1d930db6a1407a873af65deecf4290e4c4238e94;8fa9cb772;bbd819003;
ee10eec7d09f8b5025d1edf5d35849f4666bccea;07b6d6636670b2a9f14ac265186790db11cfd52d;1ca7576b5;1d930db6a;
3636e8bb5f9b363a781070254688bfacc8946475;e979bc530a86a32d63389acbedd3323185ad4ef6;351b75448;07b6d6636;
74260b5a89509bec26e3f434c255c0974b06f01d;0aa648693b3aacebf00f0e030c0f6e4581a7b8cc;2d801205b;e979bc530;
2d801205be23de55a0f981ec0bc5091850d540ec;2936ba525b22c3aabbb2fc914d1a191938b2375b;02a803a51;0aa648693;
6adce3867427692aac00304806662dbf288239bf;958c824560807ca145ea581d26e501ed0cf669fc;20a1b7c70;2936ba525;
af91d91c53753c8eacb511067b44f842c181f17e;a73a89c4963e11ec93aa1a91c17ad602af40819d;e4dd521c7;958c82456;
bc80f8e95cb389b668b955fdb99c9a555de6f06a;fd893c2659d3b163b0f41e9640bdeb4bee23deda;4996562c0;06c513f41;
4996562c0a17a8ff4febfd97bec2c743a1d7c0e2;24166ace200fedabd720622659c5766463b3c59b;fd893c265;a73a89c49;
fd893c2659d3b163b0f41e9640bdeb4bee23deda;099f36a0e77b6be727692d782d61171e614b72ab;be64ad5a9;24166ace2;
2adc98750d592122ccd8d5b263878695340fbd9e;c62d8c79d1ffe9b0e351cf858fbbc1ccad65c271;3befdf944;099f36a0e;
3befdf94446ec2071661762dc81a2b9edda8a84a;f6fbed5072ebe7accbfe433ca848bf4b95dbe0d0;11b1323eb;c62d8c79d;
07569c70cd950823a1af67e545507f34828c8b99;261ea429eafedfaf7c784ad96196c3e11c0c928e;c4ecc553e;f6fbed507;
6d3d7bf1d3db0c440dfe41a062200c7144622aa1;75a0953bcf6275a486243a67e91774c8d5ffb6ca;a9484d6f5;e0e2de651;
369d8aedad433cd4d10e93d2df2ecbe0096180f2;4929735be6bdae0d1853d7d269234a30be18408f;212bdb4b1;75a0953bc;
73359ae008d51785d9dd069a946c91cbbb1b6fbb;866ca4ad3a4d1a5aceb75d17f27127ee78d55df8;548245c3c;7bc0fc4e9;
7780ad36503d7b98e692f24728c6f61dbcef2bcd;12e884a5b88e18e6c94078872f93667dc6513c23;3f5dd6ead;02700780e;
3f5dd6eadffeedb65ac763edae9c5096f7ae0abd;127e0530f7070a9aba5c6b7bb6ecb8f14b4fef7f;d6230fd88;71f3907ff;
35d12ab505c0e3f393af22307e988689aa6573ce;3c63730aedbb552995fdacdd1944d9eb41982778;1188426cf;dcc708794;
e98a2739b65c6d184e07a2129ab36a6c49a6dadd;2f80ebd9758c75c6a03f744d2f7976ec2d6a59ce;4b95df10b;8daddc090;
b08985693d2baef78653494a962ea6512044d398;cc53828dcb87aadf2f31ab5d0ede3dc8fea092ae;811ec1778;2f80ebd97;
811ec1778309d7903680348ae37fa17e88474085;fe32b967f6b029a10ec1d40f7e12c8b37ba32ee8;c270be021;cc53828dc;
a1e0c9e8cd9e43715988fba035e41e7150f113ca;1e5d34926af2160fc8d19cfc435b608ee60d5c3e;1c68f960d;fe32b967f;
ae2286591b5cff2f58e2a1d683c48e07f1ed95f2;67813ca79480e9374b0dcc038293e4478cfa6e72;0e934f1fe;1e5d34926;
e7501763ddee0744979dd904ee178ef9171bcc47;ebadfd25ed1244b170f7af2414c35673eb055a29;159850fcf;67813ca79;
f8ed660d91d01b48f59d1f03b448aa097a04b801;9d3de8cfcf9b50b92db20240d42abafc2bad98e1;f77b53c7c;ebadfd25e;
2cf2870cca1f9ab867e29912c348b62f0470c488;cb6717764c0460f560e1b09478faa4dac692e8f3;b65b3cb2d;27d83ee5b;
f47b4fd1a573ed5ead219ae2e9097ace1d369578;cf551ed67183ad54610c27338fb010dd66ebcdb4;f645a745a;b65b3cb2d;
c96e3a93a161886795ea5a6b319e706666ab3a16;9cf3e435b671341083a63e2be014f8ce28ea987a;058bbdf28;4c5972366;
8edbf2750fce2c134f6674dbefef3e3f3d215df2;69095e5ca454f91a684b1dad9b66c9e4ed1ba55b;c351aed43;fb961093b;
32cbde7f1057d602cab4e5a828a1c253560836ed;f40e6c114a5364ff5efd1c2bd76a41394ff0beba;f68be3cee;cbad8747e;
092c09bba85aad9f325a9040e0636390531689e8;d8c169add55a7583c792101d2029248197b03c19;b29965bbf;8bc934e2c;
a63cd7dc00af82cf4bb88172ade2ce19fd7d349e;7dd671d2b3c518570a92c96988a7bd3d94bac9e3;6580a9d7b;f40e6c114;
6580a9d7bc3fd22b9a0890700b86fb681a098c7c;131a4053bd57e4d240443e3ac14dfc0c764479dd;ee7ead7d8;7dd671d2b;
4dc7292fc46a7355357f2877386a94bb35376d71;779411ebb861b71671f2ab78178cd3c7b9ef9e1c;580e6529b;2520c29e8;
62fdcec86a97a1f33e8fb07c217dceb775036ae1;b254aff593bd021e31c50f8c4d2faf3740e7862b;9845fb288;779411ebb;
092e6e90ac6d6e1eb6189ee3c7578931885d0c76;f1f4023763e57d956da89f7094b7692979582c74;625669481;b254aff59;
6256694812f72cb566a601effa42668a0f529103;c674b7652ee260e81fac7cece922167ac4c65861;e09adcb28;f1f402376;
c28e2da406a209e26fa61ef2a6ea126b31b87ab8;eae6759d3e3e51cab1cb40967184030240f6b997;8f5b693f2;35362a065;
afb7159126456da25c5a605b0b8b1216a3d18e49;a4ae368e281786fa45559be85e27eb814a4fe25e;20bd06645;24de8a202;
d58eec63be1ee8e7e236bbded38c73343d9bb22b;d32563c559da846e386b86bbf664b82eadab7c82;238bb47fa;cb6717764;
7eb5f47bc251a6c174d07b22bfe3e652d6b26e7e;6b87eaaceaf9db501dafa7ec34fb55b709af9a1a;a1362dc48;157650ab1;
3df5b9c07aa7b0e28754dd6a30f32304ab77601c;493ba8d86c4daa323eabc055b223f50731468ecc;b1c03c336;08c4453e6;
bb8a0b35d7b1e1e7b9b77c6525dca16429f3f1bb;8fb19b97c7fd3426570073ec2dfd322fc125e341;0934fb7a0;493ba8d86;
0934fb7a08fe62580935fe53d6274f9222adb5cc;bacb37f41b4b8db75d6f1731e8c9afd56c6247dd;0330930d5;8fb19b97c;
0330930d5c5578d3d21a167bf21c6ba7911cc38a;700617aa96fdfb3259a1e8001c1bee24deaec34a;37034fca1;bacb37f41;
a64eb9993693b4cd81456fabd36b58b307f6257e;d46446cd89ff0b5277cc8af4f86e9b0d03af31b5;ae5695c0b;a290f09c4;
cfd893e46614e245b0fd8785d124d94bfda9c02f;2440fc3a37391ab98627b239d6dee0d4e5c8ae50;aef0d7763;7e6ba9e49;
5235ba800c8a517da7381c2508ce824587ec4067;7a3b0b1f26e0061b017f4105be78d1bdc74e691b;b8e25808c;1317d3ea2;
1317d3ea225da851d45d9b6ad1c9f328169179f0;89559a204e5aed69a58d45837d65bbe7f6dab95a;ce9fad90a;7a3b0b1f2;
b8e25808c9ed1dd01af78491747d85ceab716a10;2d90441ef0440f3a2f910b210234cb8b709ca727;ff4b9a263;7a3b0b1f2;
ff4b9a2635cd6ecc5d6b32fa5a475eb18c854947;89559a204e5aed69a58d45837d65bbe7f6dab95a;230a19d52;2d90441ef;
50c6a987ba82685cca48162fdf111275ecb79b50;ccdb9fc38f01345d40a70bb57e3f8c800170d8a9;db9584c41;89559a204;
6bf0d6cea00fa745850785b705615f20ac024280;308ed4ed89b32d119b5994e457597275c6a0af7d;21ca92134;ccdb9fc38;
44f35a9becd891b9401a5879cc7934ec7130846d;e741034db7191de9985a9b3dcd667bbdf262ce3a;82837cc10;308ed4ed8;
ef002240171efb0ff92fd497f0fd050c09f6001b;386e9f7ba59a28602e12c7ac2689590998c237c4;a2f43085f;034f3c0f7;
df0408c8387ea5df95ab78185334a92a38225fc5;871607268f3452e0c763b944a28fef6228fcc4d1;290f9a627;386e9f7ba;
386e9f7ba59a28602e12c7ac2689590998c237c4;cecd409aa97693beb87c4e9ca34ea7f734676216;871607268;70d961bfb;
290f9a627c34589cd7811b7bd31f6778618f197b;3aee590e9f546ad5cc59c9a75367e410bcea84ea;86c365221;871607268;
a49ab9a91945a6596d01b0de3a7276bffa01e751;7ed2d00e881588d434222ca9d94c2af233dbad9f;11c200b11;3aee590e9;
7ed2d00e881588d434222ca9d94c2af233dbad9f;73f54a6495fe09fc6840a1193df1d37d76e6d782;e43a71b96;cecd409aa;
31477e4a2bc694e8390b4453ddc2a3e792f12577;cc8b4a5c745724f7b0e8eecee9c727502b7ec28a;e9b32770b;9dbee041b;
d6f35edd2ec9e99f8d630840315b91e54889662e;ccf82e88ebb2f68666a866d39c066d14a700544e;b703036d7;5aece7671;
b703036d775a333d116b04b283c1cb99c6e66de2;91e41a94f3b5d0dad48ce47ccd6c4f3272a2385f;8caf290c0;ccf82e88e;
1dd61d258eb1c7b7c3fb2fe715b50b2c8a2d5206;e59a1ae717f7289c9955faece8cf672ed12c3fd6;7e5f01475;91e41a94f;
044761394a7818d657aad707025609050a138d32;c966a034dd29d103dcdb708179b55feb426ecd68;bf2b2b0c8;e59a1ae71;
5289e1245af4b63e1ac22c68049cf01d838db971;f5988593e8ace7ea01fcb54e124cece2c5d19401;be1136361;c966a034d;
a0b9095d39d3d1a748a4a74eb61144d316eaee40;1ed7f3834dc77cf76d7477e8165dedb8ae2d61c2;f75f2bf32;660ec8f8c;
f75f2bf321fc58508d4bfd67cac6534cb6ab1b7c;6aaa38baa757e1e58dca85df21be99a6db83e6a6;cc8b4a5c7;1ed7f3834;
441f20c1d644b4a62e730a8514488dfb2d32901c;d5a25f4300a93f4c411a7b8364d34122bc0a1b62;321562a3e;6aaa38baa;
adec69c31ae487ca3c5387ae33151946a14480d1;3bd5de685c1f1116b71e6c51d713528834773fdf;fec0b75b3;fe25f7e14;
8dbbde443de06193281e763177f6c568ae4d1d6c;07d946c11d447ba88b62d28750a33651c897da29;d51c95193;b8b7fc30d;
bf4f1bc8492f5a24cf4a9b759513fe026fb013ee;16aa30572b41b7e643e9ee08def2169681f8e2c5;e592f367f;ca6c3fc55;
e1426d96743a6dac423c78b2851af90ace3ac8eb;90da5db2eb53889e8f6a798d06bf9d75611c0629;25a37d7be;abd505eeb;
25a37d7be6b90d6d968479f2185949c5b501e7cd;9566ea8e2cebff0081b6a6df90370ada20aaccc9;4bf5def95;04cb084c9;
4bf5def95e2f8298b7e8d102b57f26d65541bcf2;795dd011446b2bb8df8bc1c161a4445d6bf57264;b1e06def0;9566ea8e2;
b1e06def084b1f62e309dc513ad6f60b1f0a5b9f;2a9808cc2732bb4828c06501cf8c09f23b63f397;6c1badb77;795dd0114;
cb8eb0e58bf4518fdef1d66daac110d4a231b5e8;ed7d4168d067b08c22c596ba5e98aa1136164306;90da5db2e;2a9808cc2;
8aa953c3767c524acbed27452f18e73726db234f;812d675db5e3906ac4d7ca9ee8b3b9fc55e42cd2;f4f71b9e5;2eafcdf27;
f4f71b9e59dc7e9d55c05feac33f2596583b9cb8;8574ed4d81199dc6e3d43d57c8b159ea4e3f01cc;5aa2f74fa;7d713f7d6;
b51dc4063ba341ec96e404e4b53b93243e026c85;8574ed4d81199dc6e3d43d57c8b159ea4e3f01cc;313a713dd;d21210b2f;
e6ff0037346be7a3b7c6aa0ce98b325da0f3f520;e258ee60edc692c80907fd6e4bb16e641692b721;3975a0f66;b049739cc;
dbbca94a7202581772a64a29bc8e6fb6da0ed091;e9ea56cfe9178b6159f3ab61ec2b46cb9052ee61;769853ae3;1eb498efe;
e98ca647a1a0bb92243f7dc58ab0d7b648b2e6c1;c73b0721024d4fa3ad59841f4e9b3b8c6e72c13b;15a86b113;e9ea56cfe;
777ca8ca221f6448f814830b32e4e9a11da3447f;32a52b2cb12d6462f9e3084a8f8c04e277ea4ab2;090dabc62;f2f611e70;
54360fe3eacf182d85acd419233fe0a605f11c1b;518392291f1d718d1a84dbbd57520a2d050d475a;e9352131d;af2241c77;
e9352131d2e12f86eefc1565e28da23246d50204;a7b26ebf2983432b64c120fcf09b4d294748e081;e5b8ff11c;518392291;
be2bb29fe194eeeae9c904e8772217c82513ce16;2e364ba54e7f0946bcda2226d37752aa41ee43d0;203fccba9;73f54a649;
6c617384110d2ea10b1bc5543f747c177df6dc8f;4312a245550d475205c8ec84fc6b5a5a8f717989;e77e941e7;2e364ba54;
5d2b25327dc6739a2c8a437c21ae4089676f4058;726b6e0aff29b38067bdb8e6dc2dacbe51400f66;fefcfa1b7;4312a2455;
85f774327ccf76caf7c52cba9d8965163ae453cb;c52fb0b853898a1c0c3cc8bf36602409a29e2962;945c54561;a23ff9fe5;
e2abd0636cfc74726ee935bb02e91ec784fb4535;9317e5485ad8ed0ba0c719cb78e2a893b9ec4a1e;6172d7561;726b6e0af;
b830c59b9a259c364e91d2c4887944c6ea59c5f0;b4547f8f10ef102775d5f74df8cb0e9e3ecbf333;539021793;9317e5485;
d314615cb01405756e6c10f439fccf02ca49efba;ea2c9a46bf2a98eb2f1af04fad65016f4648a8de;04413c7a3;d4923eaf6;
384e64545ea7498541e243559c87df043f17e7fe;e412926e224b5308303e7618da45c95f59b2d91c;2abf5a321;5f093200c;
d52679ad4f63d31e13117672a5fdfbd6530d6c25;4b9e191ec7513d2c4b04085dd68147cdf92098ff;cb6dddd83;f92a6b3bb;
f92a6b3bb92dd41b0afe5e09aab7fd0f18151d61;7db1f44069bbcac9d884d829f8052a89b5ec271b;3da7c45f3;a143c05db;
f87792638efcc373ad11668e4d35bd514a82462b;340439a4d1ca52a9c4a8a00ede2fa09eb930b15c;282cfdff0;ba20f65c9;
340439a4d1ca52a9c4a8a00ede2fa09eb930b15c;c5a5f53185d5736544625d5361e8c7e9ab9b2adb;f4ef3893b;7db1f4406;
bcda406672128f7c8d273d140a0ed56924ab0126;7dc9c731db40ce6458dfa55caacb8a48c7d48847;b02bf06bc;c5a5f5318;
e3cde7f0c157b963c9c4b6578b56b7d86f282320;335117e21d2befcd519b53fd5a023615be694592;08efebaff;b06494a03;
e4cb752293e82048dfd672bdced128868568c5b6;636018b11cf7c23cc9647f0c11aaca1ba11a1935;9ab9aef45;f3d395c99;
c3ccf8ee0e699cc03b344dbfb54f5659c5b8ed16;7d5c50b157335cd59addabe6b6bb8c424480f827;30e8a0f24;6dcb13f70;
059d39e56d993b823e7079596d78a1c7c7e9be30;47d5186b42154d2e8a27b5fe3e62d7e3a70466a7;54b2a5f5d;7d5c50b15;
035b24d383da56fc69c1badffb07b8bbeef8035b;85282b1630ad1acda5c6b62ed30b68f5ff4db953;cb7342b3b;7dc9c731d;
ee6a3caa1b1aa99822aad33a91310d124cde7ddb;c94ec608e8f0df4b5136ef6f2fc7af34143478fb;2c9fa0e56;347080398;
db1878970c1ef78eb85f212ccc703175078d4e3d;8d486dbc696bb6fd33b3e863d59671d63e864041;accef7169;4bbda5a11;
accef7169eb7f632fe920e4f49995ddefa25a611;119ddc9701c94ac184362166742ceaa7437eec8f;690bbaba6;8d486dbc6;
881a5dd13adc8cd9ba7baa1e736fc8a6a046a88e;fa1c2ff7eefd68061ae0cc3f630e87d16d1b2bb5;1cc1fee14;119ddc970;
1cc1fee14f6fd5bd53045c584af8b366ce0682cb;0ec81c07bc4be13e1382f7191981ed3f0bf9ef39;0cd97824a;fa1c2ff7e;
2f7a4308f12826004b7ec9c7572b5ad656cd8bbb;7ff745c4a8c66769fc50b3cdaeb2e1d35327909e;817a45a07;85282b163;
0cd97824a91f7e606276472f6ca7ccce7e5273d9;50ea0838d9251240e8dd814c682059ef85b4d0cc;7785dff46;0ec81c07b;
31b3b2be41dfdf5c39f213d6bbddffe5e1f9dc40;61c226cd94b9a96acb09ee5d85558608def5837e;b4c901a6e;50ea0838d;
b4c901a6e5996fe9e76fa6c55f4a1ff1baa934c6;ec1820d591bbb51edb96942444d1806e2b86bc12;0f7f5836d;61c226cd9;
6c5826cf409c55c204018567014e698fa8807f2f;c568ff2f1e6e29eb80284934bab775dc499a8e79;4e34ea1e4;ec1820d59;
2efd3d29ce67a603473102ddcacd1484dfe1f4fc;60980249f1698904480cd871b41ff546449ef980;7ed436ada;841a1a783;
841a1a783bd1d2a69134464ede5cca73ce09ea39;de5642e748835af591106ff220cdc780842a5fc3;60980249f;7ff745c4a;
60980249f1698904480cd871b41ff546449ef980;1d57c20dfd79c64837cf1ec357ab402f2158227e;05db85354;de5642e74;
965582b94edbe7ae106536f99812c2a31bef6818;436c309b2951b5c65509990f2990c1795305a840;881cc4368;05db85354;
05db8535437ca1bf1f6b9231d35e0624654998ff;36d9b59eb1b74442abeea856dca61ebe8bc7b3a5;436c309b2;1d57c20df;
4643caa09ab282b18b9dcd95c649ba933a24de9a;66e8ac6372bc670d98e9dc74f06ef6faef97032c;dd955cf5a;66bfe6658;
0d9ab5b086bd702368d79d0cf91b7cbbe129f174;6262dd76625e16d10ee45bc90ae76b02101cd65a;43f2f3158;466f70690;
52a49b8dfe4f3a13461c0a22e0f0451b91539d98;cc05493c69ba7c2068ba7be87394f8bb59862996;e57b7c22a;36d9b59eb;
e57b7c22a3708bc139ca87f5d2815cab8a2f564b;d01f2070a73533097a852935bc53be1381741d9f;195e9b5e8;cc05493c6;
618e4f34ba75a743e4dee7406fe2f5b1c174e534;bff35ba8b70ca9e7762ce2a790ba7d973ca0c645;7cf964ad1;195e9b5e8;
fc7bd421d3a186859041be258c17c77222b64b42;186b89d7b70ee8d33662a4efb1dc945fe87bfdf4;0ba4d42ac;6290eefe9;
8c0279a028166ce753424f888b9a6abba3116625;14d979d2ecbca0667f23848c5fee5a526b057d63;7e507d11e;e4ece7407;
7108f58092ce22fc81e31fbeb753bb2ba05fda27;4a9919cd1c28da56a11b25c2f35ee881f6d8e768;474c010ea;14d979d2e;
03f63fd7eba5e3f003b86b206aed858dba2dce56;7949d119edbfe005a9ca3f5d37f2d8e59edd889a;102abfbdf;d01f2070a;
d8c38bb782848ed3e7d7cbd110ed8e7881fa6667;ae101c63bc8c74466fc137b766faa8793c1e1f10;17102407f;00bb11edc;
bd53c76decd676f09a707d375a56a07f837527df;8c36f1ca593e0b99538fe898be05b851e91baefa;38573adfa;3e0d5d867;
9144f6626adb293dc95f15e522596f27b3a52557;30239f951530b5f7d7050d67f6accc904fa05b71;df9b129db;edad12f10;
def9e52a10f90120a0bf5625a3621cc2fd201f2c;7d4201c6768db3feb83c5d441195d9e4a6f25a08;c7bbbe662;b07c15297;
c7bbbe662f4ed44fa490d091b9a26e9706b5cfb9;87e4661193cb9f55ab2bf5ee469168c3fdd7037b;603991b78;7d4201c67;
e41a12a82d45225826635ce9cf355e8a59fb129a;35ec0dd8cec9bde072faf50502d43535898e248c;64319adac;87e466119;
e1fd0e94a1657ea7668b1d34c11c411e065dac67;fd4eb1b1503d66138881f645de6f8e5ef9f233e1;2a2ae590e;d7a94ed16;
7e62d7ed460db16a63f59e153fe0e486951fa6fb;6b201f96a790913eff3d4e039031be0caf42576f;785c4561e;fd4eb1b15;
7cfa16e07f699b651214441b66b6332c4b7f179f;95267b06e3c11a4194da9a966a6df5eab44e2a1e;ab3e1b76d;6b201f96a;
6e084552bb1bce91391a73f26bc83852e49b4832;edf86743d104c40844f98b722379c74f9a1c9341;573216bca;b3f6f6ca7;
2dbfab076dc97b7932789dea3d2872c367dc7da4;23328aaf23bcd86d4f2e3a660bd826bd4412b8f7;655d2a1c4;edf86743d;
3f674c2bbfb578f06c3d8f80e7fc3047d55baafe;bcccd3e82241db25a2f34ed655dab88395089f39;f6850c373;23328aaf2;
f6850c3730715c8ca55113a0b4ad89c4bb5d6f9a;7471116f2457073ccb895a0eb452591b71c043e4;f76a76ea9;bcccd3e82;
440aff0db43f3da2f93d127cfbe56a6757bd6d00;bfbb661eb1bddb11297eb5fa9cf12e523fdc3ae2;079690a03;c28f74c3c;
d92567f6ddcdeea3bce94b491516c5636f9dab92;46249bdd2e33d2a57cc7bbe6840672011a785496;17ab26bfb;c271fbc4b;
23c749c9936e8c00f180c868ea4dbe39bf8ee9b2;d9c92cd2aec370998a64e3f9d706518b629df6db;b11eafa1d;46249bdd2;
b11eafa1d1137e330d7d430eb2dcf968f996a4f0;fd0f1fefdc19593a040b3dce857715d613cb6458;3261453c0;d9c92cd2a;
9b530bf26c686e449bf7446bd4cf6082f0835441;64a27bc8e5fd38a48c0c70eddf864542f7198acb;62425ef39;fd0f1fefd;
9e6ad2669f7e1371663a61bbd4a22bdd0e51c7a9;ae0d29ef165574434230dabda4abec5bd4fed6cf;4bc7a739d;de29605c1;
354f3008674c7ec8b106e886f31118f749ae975e;5448e5e34e930b4773a5211f33ffadf643f37819;2fff97b3c;81017b9fa;
72ce52f9bc894bd9ab7b42d0564a91eebd668e0f;5e21d2e6ec3d7d881ddf331b2de8698d99a46616;7d0445b00;184cae3c9;
00cb595db4c680b53b0248e49129a8f9c96ca52e;f190cb5da22c66cdf2662903e9b680e4f45055b8;f7ef40783;8221fe16c;
77c3f1f32eb79941f7cb1b7b530b4ec37d216dba;29fab707154d0fc95ff2c86d31ca33239b1bc4ea;ddb9e39a4;cb2f4a822;
cd9fa8195c6b00d4efb670d1ec040b1d9d3ce539;9e7d486e7f1427c5e7c57cd736c87b6d8a8c8de8;ab7a02c6d;1f9e8f52b;
47b911dd10c8495fffed321b13951dbd68bfc78f;06a23ce6d096ec9a803a21dc23690ebdb47da93a;70c2de957;152c17d24;
e6a508909272ac6f27f2f91371781b38480c1e1b;eb4e6b1163e05f3fd8c9c59ec25dcec849e366c2;b03dd99ce;e70c66f14;
655cf2a168772421e7bc6ac1f9583eaecb9fe6e0;e2bb0ee2088fa7f8d487669630999d7dcbe5de08;4526796fa;a74ef5970;
1e4bf4ef7a2172ca760bf5489d07e3cb9bea8862;8662c12613121f707a20d9169b9da32441f0f958;8d2cdd7b4;2a4f66b42;
1013b3708da8c52b32bbe251b6d11b0737ff270e;13c8421b8a4bd8a84a18fc6e492bf698b49ea62a;f46d55543;e134bf0cd;
a94ce41b8d651e61da14340867ca16d00363bcaa;bc483d1f562814ffd3b37bd8c74d5ca5e615865b;cab48ae6d;e689bd814;
85f4bafb73b876a58919164cb4926b633e69725c;c277641421be2b2fe3319fa75f54b9364ca91178;fcb529e0f;dc65cc043;
2b1e3e292cf2b93f8d846e691a914cc1f269c7db;8683a0ad41cf4faa364e56a499939dd170cc25f3;6a4ce69e8;1755442a1;
b9dad6dbcac668034b3b8822bd445aad91c9d174;060ce11a33baa8a1c951cb5b7a857d5d81db09ef;c9215cd43;c24e1ba51;
766dc878e14644301483f3ecff8b5af8579e5b86;7f1b6ef010e954afb84cd68bdffec99b3310849f;2337bfa82;f0929aca5;
4beb90c7e1e42df733c8514ec38395d556c2d574;beb73f7707c0241eac8a8383e0c2ea1d3e00765a;cbfafc6f4;bc4153ef4;
